amount,dataset,date,longitude,latitude
10,CBERS4_AWFI_L4_SR,2016-05-01,-47.5,-4.5
12,CBERS4_AWFI_L4_SR,2016-05-02,-39.0,-4.5
6,CBERS4_AWFI_L4_SR,2016-05-03,-54.0,1.0
10,CBERS4_AWFI_L4_SR,2016-05-04,-46.5,-4.5
13,CBERS4_AWFI_L4_SR,2016-05-05,-38.0,-4.5
8,CBERS4_AWFI_L4_SR,2016-05-06,-53.0,1.0
11,CBERS4_AWFI_L4_SR,2016-05-07,-45.5,-4.5
12,CBERS4_AWFI_L4_SR,2016-05-08,-37.0,-4.5
8,CBERS4_AWFI_L4_SR,2016-05-09,-52.0,1.0
11,CBERS4_AWFI_L4_SR,2016-05-10,-44.5,-4.5
11,CBERS4_AWFI_L4_SR,2016-05-11,-37.0,-9.5
10,CBERS4_AWFI_L4_SR,2016-05-12,-51.0,1.0
10,CBERS4_AWFI_L4_SR,2016-05-13,-43.5,-4.5
12,CBERS4_AWFI_L4_SR,2016-05-14,-35.0,-4.5
10,CBERS4_AWFI_L4_SR,2016-05-15,-50.0,1.0
10,CBERS4_AWFI_L4_SR,2016-05-16,-42.5,-4.5
9,CBERS4_AWFI_L4_SR,2016-05-17,-56.5,6.5
11,CBERS4_AWFI_L4_SR,2016-05-18,-49.0,1.0
13,CBERS4_AWFI_L4_SR,2016-05-19,-41.5,-4.5
9,CBERS4_AWFI_L4_SR,2016-05-20,-55.5,6.5
12,CBERS4_AWFI_L4_SR,2016-05-21,-48.0,1.0
12,CBERS4_AWFI_L4_SR,2016-05-22,-40.5,-4.5
9,CBERS4_AWFI_L4_SR,2016-05-23,-55.0,6.5
10,CBERS4_AWFI_L4_SR,2016-05-24,-48.5,-4.5
14,CBERS4_AWFI_L4_SR,2016-05-25,-40.0,-4.5
9,CBERS4_AWFI_L4_SR,2016-05-26,-54.0,6.5
10,CBERS4_AWFI_L4_SR,2016-05-27,-47.5,-4.5
13,CBERS4_AWFI_L4_SR,2016-05-28,-39.0,-4.5
9,CBERS4_AWFI_L4_SR,2016-05-29,-53.0,6.5
9,CBERS4_AWFI_L4_SR,2016-05-30,-46.5,-4.5
13,CBERS4_AWFI_L4_SR,2016-05-31,-38.0,-4.5
9,CBERS4_AWFI_L4_SR,2016-06-01,-52.0,6.5
10,CBERS4_AWFI_L4_SR,2016-06-02,-45.5,-4.5
13,CBERS4_AWFI_L4_SR,2016-06-03,-37.0,-4.5
8,CBERS4_AWFI_L4_SR,2016-06-04,-52.0,1.0
10,CBERS4_AWFI_L4_SR,2016-06-05,-44.5,-4.5
12,CBERS4_AWFI_L4_SR,2016-06-06,-37.0,-9.5
10,CBERS4_AWFI_L4_SR,2016-06-07,-51.0,1.0
11,CBERS4_AWFI_L4_SR,2016-06-08,-43.5,-4.5
12,CBERS4_AWFI_L4_SR,2016-06-09,-35.0,-4.5
8,CBERS4_AWFI_L4_SR,2016-06-10,-50.0,1.0
12,CBERS4_AWFI_L4_SR,2016-06-11,-42.5,-4.5
11,CBERS4_AWFI_L4_SR,2016-06-12,-34.0,-4.5
10,CBERS4_AWFI_L4_SR,2016-06-13,-49.0,1.0
13,CBERS4_AWFI_L4_SR,2016-06-14,-41.5,-4.5
9,CBERS4_AWFI_L4_SR,2016-06-15,-56.0,6.5
9,CBERS4_AWFI_L4_SR,2016-06-16,-49.5,-4.5
9,CBERS4_AWFI_L4_SR,2016-06-18,-55.0,6.5
11,CBERS4_AWFI_L4_SR,2016-06-19,-48.5,-4.5
13,CBERS4_AWFI_L4_SR,2016-06-20,-40.0,-4.5
8,CBERS4_AWFI_L4_SR,2016-06-21,-55.0,1.0
10,CBERS4_AWFI_L4_SR,2016-06-22,-47.5,-4.5
13,CBERS4_AWFI_L4_SR,2016-06-23,-39.0,-4.5
1,CBERS4_AWFI_L4_DN,2016-06-25,-46.5,-4.5
9,CBERS4_AWFI_L4_SR,2016-06-25,-48.0,-9.5
13,CBERS4_AWFI_L4_SR,2016-06-26,-38.0,-4.5
8,CBERS4_AWFI_L4_SR,2016-06-27,-53.0,1.0
10,CBERS4_AWFI_L4_SR,2016-06-28,-45.5,-4.5
12,CBERS4_AWFI_L4_SR,2016-06-29,-37.0,-4.5
7,CBERS4_AWFI_L4_SR,2016-06-30,-52.0,1.0
10,CBERS4_AWFI_L4_SR,2016-07-01,-44.5,-4.5
13,CBERS4_AWFI_L4_SR,2016-07-02,-36.0,-4.5
8,CBERS4_AWFI_L4_SR,2016-07-03,-51.0,1.0
11,CBERS4_AWFI_L4_SR,2016-07-04,-43.5,-4.5
1,CBERS4_AWFI_L4_DN,2016-07-05,-61.5,-9.5
12,CBERS4_AWFI_L4_SR,2016-07-05,-35.0,-4.5
10,CBERS4_AWFI_L4_SR,2016-07-06,-50.0,1.0
12,CBERS4_AWFI_L4_SR,2016-07-07,-42.5,-4.5
11,CBERS4_AWFI_L4_SR,2016-07-08,-34.0,-4.5
10,CBERS4_AWFI_L4_SR,2016-07-09,-49.5,1.0
12,CBERS4_AWFI_L4_SR,2016-07-10,-42.0,-4.5
9,CBERS4_AWFI_L4_SR,2016-07-11,-56.0,6.5
10,CBERS4_AWFI_L4_SR,2016-07-12,-49.5,-4.5
13,CBERS4_AWFI_L4_SR,2016-07-13,-41.0,-4.5
9,CBERS4_AWFI_L4_SR,2016-07-14,-55.0,6.5
10,CBERS4_AWFI_L4_SR,2016-07-15,-48.5,-4.5
13,CBERS4_AWFI_L4_SR,2016-07-16,-40.0,-4.5
9,CBERS4_AWFI_L4_SR,2016-07-17,-54.0,6.5
10,CBERS4_AWFI_L4_SR,2016-07-18,-47.5,-4.5
12,CBERS4_AWFI_L4_SR,2016-07-19,-39.0,-4.5
9,CBERS4_AWFI_L4_SR,2016-07-20,-53.0,6.5
10,CBERS4_AWFI_L4_SR,2016-07-21,-46.5,-4.5
12,CBERS4_AWFI_L4_SR,2016-07-22,-38.0,-4.5
8,CBERS4_AWFI_L4_SR,2016-07-23,-53.0,1.0
5,CBERS4_AWFI_L4_DN,2016-07-24,-45.5,-4.5
3,CBERS4_AWFI_L4_SR,2016-07-24,-70.5,-4.5
9,CBERS4_AWFI_L4_SR,2016-07-25,-59.5,6.5
8,CBERS4_AWFI_L4_SR,2016-07-26,-52.0,1.0
11,CBERS4_AWFI_L4_SR,2016-07-27,-44.5,-4.5
13,CBERS4_AWFI_L4_SR,2016-07-28,-36.0,-4.5
10,CBERS4_AWFI_L4_SR,2016-07-29,-51.0,1.0
10,CBERS4_AWFI_L4_SR,2016-07-31,-35.0,-4.5
5,CBERS4_AWFI_L4_SR,2016-08-02,-65.5,6.5
11,CBERS4_AWFI_L4_SR,2016-08-03,-34.0,-4.5
10,CBERS4_AWFI_L4_SR,2016-08-04,-49.5,1.0
13,CBERS4_AWFI_L4_SR,2016-08-05,-42.0,-4.5
9,CBERS4_AWFI_L4_SR,2016-08-06,-56.0,6.5
7,CBERS4_AWFI_L4_SR,2016-08-07,-48.5,1.0
12,CBERS4_AWFI_L4_SR,2016-08-08,-41.0,-4.5
9,CBERS4_AWFI_L4_SR,2016-08-09,-55.0,6.5
11,CBERS4_AWFI_L4_SR,2016-08-10,-48.5,-4.5
14,CBERS4_AWFI_L4_SR,2016-08-11,-40.0,-4.5
1,CBERS4_AWFI_L4_DN,2016-08-12,-61.0,-25.5
8,CBERS4_AWFI_L4_SR,2016-08-12,-54.0,6.5
11,CBERS4_AWFI_L4_SR,2016-08-13,-46.5,1.0
9,CBERS4_AWFI_L4_SR,2016-08-14,-39.0,-4.5
9,CBERS4_AWFI_L4_SR,2016-08-15,-53.0,6.5
2,CBERS4_AWFI_L4_DN,2016-08-16,-51.5,-25.5
8,CBERS4_AWFI_L4_SR,2016-08-16,-46.5,-4.5
13,CBERS4_AWFI_L4_SR,2016-08-17,-38.0,-4.5
9,CBERS4_AWFI_L4_SR,2016-08-18,-52.0,6.5
2,CBERS4_AWFI_L4_DN,2016-08-19,-52.0,-31.0
10,CBERS4_AWFI_L4_SR,2016-08-19,-45.5,-4.5
12,CBERS4_AWFI_L4_SR,2016-08-20,-37.0,-4.5
11,CBERS4_AWFI_L4_SR,2016-08-22,-44.5,-4.5
9,CBERS4_AWFI_L4_SR,2016-08-23,-36.0,-4.5
7,CBERS4_AWFI_L4_SR,2016-08-24,-53.5,-9.5
11,CBERS4_AWFI_L4_SR,2016-08-25,-43.5,-4.5
13,CBERS4_AWFI_L4_SR,2016-08-26,-35.0,-4.5
9,CBERS4_AWFI_L4_SR,2016-08-27,-50.0,1.0
12,CBERS4_AWFI_L4_SR,2016-08-28,-42.5,-4.5
11,CBERS4_AWFI_L4_SR,2016-08-29,-34.0,-4.5
10,CBERS4_AWFI_L4_SR,2016-08-30,-49.5,1.0
13,CBERS4_AWFI_L4_SR,2016-08-31,-42.0,-4.5
9,CBERS4_AWFI_L4_SR,2016-09-01,-56.0,6.5
1,CBERS4_AWFI_L4_DN,2016-09-02,-74.5,-4.5
10,CBERS4_AWFI_L4_SR,2016-09-02,-48.5,1.0
1,CBERS4_AWFI_L4_DN,2016-09-03,-68.5,-15.0
11,CBERS4_AWFI_L4_SR,2016-09-03,-41.0,-4.5
4,CBERS4_AWFI_L4_SR,2016-09-04,-61.0,-20.5
3,CBERS4_AWFI_L4_DN,2016-09-05,-52.0,-20.5
8,CBERS4_AWFI_L4_SR,2016-09-05,-48.5,-4.5
1,CBERS4_AWFI_L4_DN,2016-09-06,-42.0,-15.0
13,CBERS4_AWFI_L4_SR,2016-09-06,-40.0,-4.5
1,CBERS4_AWFI_L4_DN,2016-09-07,-61.0,-25.5
8,CBERS4_AWFI_L4_SR,2016-09-07,-54.0,6.5
10,CBERS4_AWFI_L4_SR,2016-09-08,-47.5,-4.5
9,CBERS4_AWFI_L4_DN,2016-09-09,-39.0,-4.5
4,CBERS4_AWFI_L4_SR,2016-09-09,-40.0,-9.5
9,CBERS4_AWFI_L4_SR,2016-09-10,-53.0,6.5
9,CBERS4_AWFI_L4_SR,2016-09-11,-48.0,-9.5
13,CBERS4_AWFI_L4_SR,2016-09-12,-38.0,-4.5
9,CBERS4_AWFI_L4_SR,2016-09-13,-52.0,6.5
10,CBERS4_AWFI_L4_SR,2016-09-14,-45.5,-4.5
13,CBERS4_AWFI_L4_SR,2016-09-15,-37.0,-4.5
8,CBERS4_AWFI_L4_SR,2016-09-16,-52.0,1.0
11,CBERS4_AWFI_L4_SR,2016-09-17,-44.5,-4.5
12,CBERS4_AWFI_L4_SR,2016-09-18,-36.0,-4.5
10,CBERS4_AWFI_L4_SR,2016-09-19,-51.0,1.0
11,CBERS4_AWFI_L4_SR,2016-09-20,-43.5,-4.5
1,CBERS4_AWFI_L4_DN,2016-09-21,-66.5,-31.0
11,CBERS4_AWFI_L4_SR,2016-09-21,-35.0,-4.5
10,CBERS4_AWFI_L4_SR,2016-09-22,-50.5,1.0
12,CBERS4_AWFI_L4_SR,2016-09-23,-42.5,-4.5
11,CBERS4_AWFI_L4_SR,2016-09-24,-34.0,-4.5
11,CBERS4_AWFI_L4_SR,2016-09-25,-49.5,1.0
12,CBERS4_AWFI_L4_SR,2016-09-26,-42.0,-4.5
10,CBERS4_AWFI_L4_SR,2016-09-27,-33.0,-4.5
11,CBERS4_AWFI_L4_SR,2016-09-28,-48.5,1.0
13,CBERS4_AWFI_L4_SR,2016-09-29,-41.0,-4.5
9,CBERS4_AWFI_L4_SR,2016-09-30,-55.0,6.5
11,CBERS4_AWFI_L4_SR,2016-10-01,-48.5,-4.5
5,CBERS4_AWFI_L4_DN,2016-10-02,-40.0,-4.5
8,CBERS4_AWFI_L4_SR,2016-10-02,-62.5,6.5
9,CBERS4_AWFI_L4_SR,2016-10-03,-54.0,6.5
7,CBERS4_AWFI_L4_SR,2016-10-04,-47.5,-4.5
13,CBERS4_AWFI_L4_SR,2016-10-05,-39.0,-4.5
9,CBERS4_AWFI_L4_SR,2016-10-06,-53.0,6.5
10,CBERS4_AWFI_L4_SR,2016-10-07,-46.5,-4.5
13,CBERS4_AWFI_L4_SR,2016-10-08,-38.0,-4.5
9,CBERS4_AWFI_L4_SR,2016-10-09,-52.0,6.5
1,CBERS4_AWFI_L4_DN,2016-10-10,-68.5,6.5
10,CBERS4_AWFI_L4_SR,2016-10-10,-45.5,-4.5
13,CBERS4_AWFI_L4_SR,2016-10-11,-37.0,-4.5
8,CBERS4_AWFI_L4_SR,2016-10-12,-52.0,1.0
5,CBERS4_AWFI_L4_SR,2016-10-13,-67.5,6.5
13,CBERS4_AWFI_L4_SR,2016-10-14,-36.0,-4.5
6,CBERS4_AWFI_L4_SR,2016-10-17,-61.5,-9.5
2,CBERS4_AWFI_L4_SR,2016-10-18,-76.5,-4.5
11,CBERS4_AWFI_L4_SR,2016-10-19,-42.5,-4.5
11,CBERS4_AWFI_L4_SR,2016-10-20,-34.0,-4.5
10,CBERS4_AWFI_L4_SR,2016-10-21,-49.5,1.0
10,CBERS4_AWFI_L4_SR,2016-10-22,-45.5,-20.5
10,CBERS4_AWFI_L4_SR,2016-10-23,-34.5,-9.5
11,CBERS4_AWFI_L4_SR,2016-10-24,-48.5,1.0
13,CBERS4_AWFI_L4_SR,2016-10-25,-41.0,-4.5
9,CBERS4_AWFI_L4_SR,2016-10-26,-55.0,6.5
11,CBERS4_AWFI_L4_SR,2016-10-27,-48.5,-4.5
14,CBERS4_AWFI_L4_SR,2016-10-28,-40.0,-4.5
9,CBERS4_AWFI_L4_SR,2016-10-29,-54.0,6.5
9,CBERS4_AWFI_L4_SR,2016-10-30,-47.5,-4.5
15,CBERS4_AWFI_L4_SR,2016-10-31,-10.0,11.5
4,CBERS4_AWFI_L4_SR,2016-11-01,-59.0,-20.5
10,CBERS4_AWFI_L4_SR,2016-11-02,-46.5,-4.5
12,CBERS4_AWFI_L4_SR,2016-11-03,-38.0,-4.5
9,CBERS4_AWFI_L4_SR,2016-11-04,-52.0,6.5
12,CBERS4_AWFI_L4_SR,2016-11-05,-45.5,-4.5
13,CBERS4_AWFI_L4_SR,2016-11-06,-37.0,-4.5
8,CBERS4_AWFI_L4_SR,2016-11-07,-52.0,1.0
9,CBERS4_AWFI_L4_SR,2016-11-08,-44.5,-4.5
12,CBERS4_AWFI_L4_SR,2016-11-09,-37.0,-9.5
10,CBERS4_AWFI_L4_SR,2016-11-10,-51.0,1.0
11,CBERS4_AWFI_L4_SR,2016-11-11,-43.5,-4.5
13,CBERS4_AWFI_L4_SR,2016-11-12,-35.0,-4.5
10,CBERS4_AWFI_L4_SR,2016-11-13,-50.0,1.0
12,CBERS4_AWFI_L4_SR,2016-11-14,-42.5,-4.5
8,CBERS4_AWFI_L4_SR,2016-11-15,-58.0,1.0
12,CBERS4_AWFI_L4_SR,2016-11-16,-49.5,1.0
13,CBERS4_AWFI_L4_SR,2016-11-17,-41.5,-4.5
9,CBERS4_AWFI_L4_SR,2016-11-18,-56.0,6.5
10,CBERS4_AWFI_L4_SR,2016-11-19,-48.5,1.0
13,CBERS4_AWFI_L4_SR,2016-11-20,-41.0,-4.5
9,CBERS4_AWFI_L4_SR,2016-11-21,-55.0,6.5
11,CBERS4_AWFI_L4_SR,2016-11-22,-48.5,-4.5
12,CBERS4_AWFI_L4_SR,2016-11-23,-40.0,-4.5
7,CBERS4_AWFI_L4_SR,2016-11-24,-54.0,6.5
11,CBERS4_AWFI_L4_SR,2016-11-25,-47.5,-4.5
13,CBERS4_AWFI_L4_SR,2016-11-26,-39.0,-4.5
9,CBERS4_AWFI_L4_SR,2016-11-27,-53.0,6.5
11,CBERS4_AWFI_L4_SR,2016-11-28,-46.5,-4.5
12,CBERS4_AWFI_L4_SR,2016-11-29,-38.0,-4.5
9,CBERS4_AWFI_L4_SR,2016-11-30,-52.0,6.5
11,CBERS4_AWFI_L4_SR,2016-12-01,-45.5,-4.5
13,CBERS4_AWFI_L4_SR,2016-12-02,-37.0,-4.5
8,CBERS4_AWFI_L4_SR,2016-12-03,-52.0,1.0
11,CBERS4_AWFI_L4_SR,2016-12-04,-44.5,-4.5
11,CBERS4_AWFI_L4_SR,2016-12-05,-37.0,-9.5
10,CBERS4_AWFI_L4_SR,2016-12-06,-51.0,1.0
10,CBERS4_AWFI_L4_SR,2016-12-07,-43.5,-4.5
12,CBERS4_AWFI_L4_SR,2016-12-08,-35.0,-4.5
10,CBERS4_AWFI_L4_SR,2016-12-09,-50.0,1.0
12,CBERS4_AWFI_L4_SR,2016-12-10,-42.5,-4.5
11,CBERS4_AWFI_L4_SR,2016-12-11,-34.0,-4.5
11,CBERS4_AWFI_L4_SR,2016-12-12,-49.0,1.0
11,CBERS4_AWFI_L4_SR,2016-12-13,-41.5,-4.5
8,CBERS4_AWFI_L4_SR,2016-12-14,-55.5,6.5
11,CBERS4_AWFI_L4_SR,2016-12-15,-48.0,1.0
12,CBERS4_AWFI_L4_SR,2016-12-16,-41.0,-4.5
9,CBERS4_AWFI_L4_SR,2016-12-17,-55.0,6.5
11,CBERS4_AWFI_L4_SR,2016-12-18,-48.5,-4.5
13,CBERS4_AWFI_L4_SR,2016-12-19,-40.0,-4.5
8,CBERS4_AWFI_L4_SR,2016-12-20,-55.0,1.0
11,CBERS4_AWFI_L4_SR,2016-12-21,-47.5,-4.5
11,CBERS4_AWFI_L4_SR,2016-12-22,-41.0,-15.0
4,CBERS4_AWFI_L4_SR,2016-12-23,-55.0,-4.5
12,CBERS4_AWFI_L4_SR,2016-12-24,-46.5,-4.5
11,CBERS4_AWFI_L4_SR,2016-12-25,-38.0,-4.5
4,CBERS4_AWFI_L4_SR,2016-12-26,-53.0,1.0
10,CBERS4_AWFI_L4_SR,2016-12-27,-45.5,-4.5
13,CBERS4_AWFI_L4_SR,2016-12-28,-37.0,-4.5
8,CBERS4_AWFI_L4_SR,2016-12-29,-51.0,6.5
10,CBERS4_AWFI_L4_SR,2016-12-30,-44.5,-4.5
13,CBERS4_AWFI_L4_SR,2016-12-31,-36.0,-4.5
10,CBERS4_AWFI_L4_SR,2017-01-01,-51.0,1.0
9,CBERS4_AWFI_L4_SR,2017-01-02,-43.5,-4.5
12,CBERS4_AWFI_L4_SR,2017-01-03,-35.0,-4.5
10,CBERS4_AWFI_L4_SR,2017-01-04,-50.0,1.0
9,CBERS4_AWFI_L4_SR,2017-01-05,-42.5,-4.5
11,CBERS4_AWFI_L4_SR,2017-01-06,-34.0,-4.5
11,CBERS4_AWFI_L4_SR,2017-01-07,-49.0,1.0
11,CBERS4_AWFI_L4_SR,2017-01-08,-41.5,-4.5
9,CBERS4_AWFI_L4_SR,2017-01-09,-56.0,6.5
11,CBERS4_AWFI_L4_SR,2017-01-10,-48.5,1.0
13,CBERS4_AWFI_L4_SR,2017-01-11,-41.0,-4.5
8,CBERS4_AWFI_L4_SR,2017-01-12,-55.0,6.5
11,CBERS4_AWFI_L4_SR,2017-01-13,-48.5,-4.5
12,CBERS4_AWFI_L4_SR,2017-01-14,-40.0,-4.5
8,CBERS4_AWFI_L4_SR,2017-01-15,-55.0,1.0
11,CBERS4_AWFI_L4_SR,2017-01-16,-47.5,-4.5
13,CBERS4_AWFI_L4_SR,2017-01-17,-39.0,-4.5
8,CBERS4_AWFI_L4_SR,2017-01-18,-54.0,1.0
11,CBERS4_AWFI_L4_SR,2017-01-19,-46.5,-4.5
13,CBERS4_AWFI_L4_SR,2017-01-20,-38.0,-4.5
9,CBERS4_AWFI_L4_SR,2017-01-21,-52.0,6.5
12,CBERS4_AWFI_L4_SR,2017-01-22,-45.5,-4.5
13,CBERS4_AWFI_L4_SR,2017-01-23,-37.0,-4.5
8,CBERS4_AWFI_L4_SR,2017-01-24,-52.0,1.0
11,CBERS4_AWFI_L4_SR,2017-01-25,-43.5,1.0
13,CBERS4_AWFI_L4_SR,2017-01-26,-36.0,-4.5
10,CBERS4_MUX_L4_SR,2017-01-26,-36.0,-5.5
10,CBERS4_AWFI_L4_SR,2017-01-27,-51.0,1.0
10,CBERS4_AWFI_L4_SR,2017-01-28,-43.5,-4.5
12,CBERS4_AWFI_L4_SR,2017-01-29,-36.0,-9.5
2,CBERS4_AWFI_L4_DN,2017-01-30,-50.0,1.0
8,CBERS4_AWFI_L4_SR,2017-01-30,-52.5,-9.5
2,CBERS4_AWFI_L4_DN,2017-01-31,-42.5,-4.5
9,CBERS4_AWFI_L4_SR,2017-01-31,-45.0,-15.0
9,CBERS4_AWFI_L4_SR,2017-02-01,-34.0,-4.5
7,CBERS4_AWFI_L4_SR,2017-02-02,-50.5,-4.5
11,CBERS4_AWFI_L4_SR,2017-02-03,-41.5,-4.5
7,CBERS4_AWFI_L4_SR,2017-02-04,-58.0,-4.5
9,CBERS4_AWFI_L4_SR,2017-02-05,-48.5,1.0
11,CBERS4_AWFI_L4_SR,2017-02-06,-41.0,-4.5
8,CBERS4_AWFI_L4_SR,2017-02-07,-56.0,1.0
9,CBERS4_AWFI_L4_SR,2017-02-08,-48.5,-4.5
11,CBERS4_AWFI_L4_SR,2017-02-09,-40.0,-4.5
7,CBERS4_AWFI_L4_SR,2017-02-10,-55.0,1.0
9,CBERS4_AWFI_L4_SR,2017-02-11,-47.5,-4.5
12,CBERS4_AWFI_L4_SR,2017-02-12,-39.0,-4.5
7,CBERS4_AWFI_L4_SR,2017-02-13,-55.0,-4.5
7,CBERS4_AWFI_L4_SR,2017-02-14,-46.5,-4.5
13,CBERS4_AWFI_L4_SR,2017-02-15,-38.0,-4.5
7,CBERS4_AWFI_L4_SR,2017-02-16,-54.5,-4.0
9,CBERS4_AWFI_L4_SR,2017-02-17,-45.5,-4.5
11,CBERS4_AWFI_L4_SR,2017-02-18,-38.0,-9.5
6,CBERS4_AWFI_L4_SR,2017-02-19,-52.0,1.5
10,CBERS4_AWFI_L4_SR,2017-02-20,-44.5,-4.5
11,CBERS4_AWFI_L4_SR,2017-02-21,-36.0,-4.5
8,CBERS4_AWFI_L4_SR,2017-02-22,-51.0,1.0
10,CBERS4_AWFI_L4_SR,2017-02-23,-43.5,-4.5
11,CBERS4_AWFI_L4_SR,2017-02-24,-35.0,-4.5
8,CBERS4_AWFI_L4_SR,2017-02-25,-50.0,1.0
10,CBERS4_AWFI_L4_SR,2017-02-27,-34.0,-4.5
8,CBERS4_AWFI_L4_SR,2017-02-28,-49.0,1.0
13,CBERS4_AWFI_L4_SR,2017-03-01,-42.0,-4.5
8,CBERS4_AWFI_L4_SR,2017-03-02,-57.0,1.0
8,CBERS4_AWFI_L4_SR,2017-03-03,-48.5,1.0
13,CBERS4_AWFI_L4_SR,2017-03-04,-41.0,-4.5
8,CBERS4_AWFI_L4_SR,2017-03-05,-56.0,1.0
8,CBERS4_AWFI_L4_SR,2017-03-06,-48.5,-4.5
5,CBERS4_AWFI_L4_SR,2017-03-07,-40.0,-4.5
8,CBERS4_AWFI_L4_SR,2017-03-08,-55.0,1.0
9,CBERS4_AWFI_L4_SR,2017-03-09,-47.5,-4.5
12,CBERS4_AWFI_L4_SR,2017-03-10,-39.0,-4.5
7,CBERS4_AWFI_L4_SR,2017-03-11,-55.0,-4.0
8,CBERS4_AWFI_L4_SR,2017-03-12,-46.5,-4.5
12,CBERS4_AWFI_L4_SR,2017-03-13,-38.0,-4.5
7,CBERS4_AWFI_L4_SR,2017-03-14,-54.0,-4.0
10,CBERS4_AWFI_L4_SR,2017-03-15,-45.5,-4.5
12,CBERS4_AWFI_L4_SR,2017-03-16,-37.0,-4.5
8,CBERS4_AWFI_L4_SR,2017-03-17,-52.0,1.0
9,CBERS4_AWFI_L4_SR,2017-03-18,-44.5,-4.5
11,CBERS4_AWFI_L4_SR,2017-03-19,-36.0,-4.5
8,CBERS4_AWFI_L4_SR,2017-03-20,-51.0,1.0
11,CBERS4_AWFI_L4_SR,2017-03-21,-43.5,-4.5
12,CBERS4_AWFI_L4_SR,2017-03-22,-35.0,-4.5
8,CBERS4_AWFI_L4_SR,2017-03-23,-50.0,1.0
12,CBERS4_AWFI_L4_SR,2017-03-24,-42.5,-4.5
8,CBERS4_AWFI_L4_SR,2017-03-25,-35.0,-9.5
8,CBERS4_AWFI_L4_SR,2017-03-26,-49.0,1.0
9,CBERS4_AWFI_L4_SR,2017-03-27,-45.5,-20.5
8,CBERS4_AWFI_L4_SR,2017-03-28,-57.0,1.0
8,CBERS4_AWFI_L4_SR,2017-03-29,-48.5,1.0
13,CBERS4_AWFI_L4_SR,2017-03-30,-41.0,-4.5
6,CBERS4_AWFI_L4_SR,2017-03-31,-58.5,-9.5
8,CBERS4_AWFI_L4_SR,2017-04-01,-48.5,-4.5
13,CBERS4_AWFI_L4_SR,2017-04-02,-40.0,-4.5
8,CBERS4_AWFI_L4_SR,2017-04-03,-55.0,1.0
8,CBERS4_AWFI_L4_SR,2017-04-04,-47.5,-4.5
13,CBERS4_AWFI_L4_SR,2017-04-05,-39.0,-4.5
7,CBERS4_AWFI_L4_SR,2017-04-06,-55.5,-4.5
10,CBERS4_AWFI_L4_SR,2017-04-07,-46.5,-4.5
12,CBERS4_AWFI_L4_SR,2017-04-08,-38.0,-4.5
7,CBERS4_AWFI_L4_SR,2017-04-09,-54.5,-4.0
10,CBERS4_AWFI_L4_SR,2017-04-10,-45.5,-4.5
10,CBERS4_AWFI_L4_SR,2017-04-11,-37.0,-4.5
8,CBERS4_AWFI_L4_SR,2017-04-12,-52.0,1.0
9,CBERS4_AWFI_L4_SR,2017-04-13,-44.5,-4.5
12,CBERS4_AWFI_L4_SR,2017-04-14,-36.0,-4.5
8,CBERS4_AWFI_L4_SR,2017-04-15,-51.0,1.0
10,CBERS4_AWFI_L4_SR,2017-04-16,-43.5,-4.5
11,CBERS4_AWFI_L4_SR,2017-04-17,-35.0,-4.5
8,CBERS4_AWFI_L4_SR,2017-04-18,-50.0,1.0
12,CBERS4_AWFI_L4_SR,2017-04-19,-42.5,-4.5
8,CBERS4_AWFI_L4_SR,2017-04-20,-35.0,-9.5
9,CBERS4_AWFI_L4_SR,2017-04-21,-49.0,1.0
13,CBERS4_AWFI_L4_SR,2017-04-22,-42.0,-4.5
8,CBERS4_AWFI_L4_SR,2017-04-23,-57.0,1.0
10,CBERS4_AWFI_L4_SR,2017-04-24,-48.5,1.0
13,CBERS4_AWFI_L4_SR,2017-04-25,-41.0,-4.5
7,CBERS4_AWFI_L4_SR,2017-04-26,-57.0,-4.5
8,CBERS4_AWFI_L4_SR,2017-04-27,-48.5,-4.5
13,CBERS4_AWFI_L4_SR,2017-04-28,-40.0,-4.5
7,CBERS4_AWFI_L4_SR,2017-04-29,-56.0,-4.5
9,CBERS4_AWFI_L4_SR,2017-04-30,-47.5,-4.5
13,CBERS4_AWFI_L4_SR,2017-05-01,-39.0,-4.5
7,CBERS4_AWFI_L4_SR,2017-05-02,-55.5,-4.5
9,CBERS4_AWFI_L4_SR,2017-05-03,-46.5,-4.5
13,CBERS4_AWFI_L4_SR,2017-05-04,-38.0,-4.5
7,CBERS4_AWFI_L4_SR,2017-05-05,-54.5,-4.0
8,CBERS4_AWFI_L4_SR,2017-05-06,-45.5,-4.5
11,CBERS4_AWFI_L4_SR,2017-05-07,-38.0,-9.5
8,CBERS4_AWFI_L4_SR,2017-05-08,-52.0,1.0
9,CBERS4_AWFI_L4_SR,2017-05-09,-44.5,-4.5
12,CBERS4_AWFI_L4_SR,2017-05-10,-36.0,-4.5
9,CBERS4_MUX_L4_SR,2017-05-10,-36.0,-5.5
10,CBERS4_AWFI_L4_SR,2017-05-12,-43.5,-4.5
11,CBERS4_AWFI_L4_SR,2017-05-13,-35.0,-4.5
8,CBERS4_AWFI_L4_SR,2017-05-14,-50.0,1.0
11,CBERS4_AWFI_L4_SR,2017-05-15,-42.5,-4.5
9,CBERS4_AWFI_L4_SR,2017-05-16,-34.0,-4.5
8,CBERS4_AWFI_L4_SR,2017-05-17,-49.0,1.5
12,CBERS4_AWFI_L4_SR,2017-05-18,-42.0,-4.5
8,CBERS4_AWFI_L4_SR,2017-05-19,-57.0,1.0
10,CBERS4_AWFI_L4_SR,2017-05-20,-48.5,1.0
12,CBERS4_AWFI_L4_SR,2017-05-21,-41.0,-4.5
8,CBERS4_AWFI_L4_SR,2017-05-22,-56.0,1.0
10,CBERS4_AWFI_L4_SR,2017-05-23,-47.5,1.0
11,CBERS4_AWFI_L4_SR,2017-05-24,-40.0,-4.5
7,CBERS4_AWFI_L4_SR,2017-05-25,-56.0,-4.0
8,CBERS4_AWFI_L4_SR,2017-05-26,-47.5,-4.5
13,CBERS4_AWFI_L4_SR,2017-05-27,-39.0,-4.5
7,CBERS4_AWFI_L4_SR,2017-05-28,-55.0,-4.0
8,CBERS4_AWFI_L4_SR,2017-05-29,-46.5,-4.5
12,CBERS4_AWFI_L4_SR,2017-05-30,-38.0,-4.5
8,CBERS4_AWFI_L4_SR,2017-05-31,-53.0,1.0
10,CBERS4_AWFI_L4_SR,2017-06-01,-45.5,-4.5
11,CBERS4_AWFI_L4_SR,2017-06-02,-37.0,-4.5
8,CBERS4_AWFI_L4_SR,2017-06-03,-52.0,1.5
8,CBERS4_AWFI_L4_SR,2017-06-04,-44.5,-4.5
12,CBERS4_AWFI_L4_SR,2017-06-05,-36.0,-4.5
8,CBERS4_AWFI_L4_SR,2017-06-06,-51.0,1.0
11,CBERS4_AWFI_L4_SR,2017-06-07,-43.5,-4.5
11,CBERS4_AWFI_L4_SR,2017-06-08,-36.0,-9.5
8,CBERS4_AWFI_L4_SR,2017-06-09,-50.0,1.5
10,CBERS4_AWFI_L4_SR,2017-06-10,-42.5,-4.5
9,CBERS4_AWFI_L4_SR,2017-06-11,-34.0,-4.5
8,CBERS4_AWFI_L4_SR,2017-06-12,-49.0,1.0
1,CBERS4_AWFI_L4_DN,2017-06-13,-43.0,-9.5
11,CBERS4_AWFI_L4_SR,2017-06-13,-42.0,-4.5
8,CBERS4_AWFI_L4_SR,2017-06-14,-57.0,1.0
9,CBERS4_AWFI_L4_SR,2017-06-15,-49.5,-4.5
12,CBERS4_AWFI_L4_SR,2017-06-16,-41.0,-4.5
8,CBERS4_AWFI_L4_SR,2017-06-17,-56.0,1.0
9,CBERS4_AWFI_L4_SR,2017-06-18,-48.5,-4.5
13,CBERS4_AWFI_L4_SR,2017-06-19,-40.0,-4.5
13,CBERS4_MUX_L4_SR,2017-06-19,-41.5,-11.5
8,CBERS4_AWFI_L4_SR,2017-06-20,-55.0,1.0
8,CBERS4_AWFI_L4_SR,2017-06-21,-47.5,-4.5
12,CBERS4_AWFI_L4_SR,2017-06-22,-39.0,-4.5
7,CBERS4_AWFI_L4_SR,2017-06-23,-55.0,-4.5
8,CBERS4_AWFI_L4_SR,2017-06-24,-46.5,-4.5
13,CBERS4_AWFI_L4_SR,2017-06-25,-38.0,-4.5
7,CBERS4_AWFI_L4_SR,2017-06-26,-54.5,-4.5
8,CBERS4_AWFI_L4_SR,2017-06-27,-45.5,-4.5
12,CBERS4_AWFI_L4_SR,2017-06-28,-37.0,-4.5
8,CBERS4_AWFI_L4_SR,2017-06-29,-52.0,1.0
9,CBERS4_AWFI_L4_SR,2017-06-30,-44.5,-4.5
12,CBERS4_AWFI_L4_SR,2017-07-01,-36.0,-4.5
3,CBERS4_MUX_L4_SR,2017-07-01,-39.0,-17.0
7,CBERS4_AWFI_L4_SR,2017-07-02,-52.5,-4.5
10,CBERS4_AWFI_L4_SR,2017-07-03,-43.5,-4.5
11,CBERS4_AWFI_L4_SR,2017-07-04,-36.0,-9.5
8,CBERS4_AWFI_L4_SR,2017-07-05,-50.0,1.0
12,CBERS4_AWFI_L4_SR,2017-07-06,-42.5,-4.5
8,CBERS4_AWFI_L4_SR,2017-07-07,-58.0,1.0
8,CBERS4_AWFI_L4_SR,2017-07-08,-49.0,1.0
13,CBERS4_AWFI_L4_SR,2017-07-09,-41.5,-4.5
7,CBERS4_AWFI_L4_SR,2017-07-10,-58.0,-4.5
9,CBERS4_AWFI_L4_SR,2017-07-11,-48.5,1.0
1,CBERS4_PAN10M_L4_DN,2017-07-11,-50.0,-6.0
1,CBERS4_PAN5M_L4_DN,2017-07-11,-50.0,-6.0
12,CBERS4_AWFI_L4_SR,2017-07-12,-41.0,-4.5
7,CBERS4_AWFI_L4_SR,2017-07-13,-57.0,-4.5
8,CBERS4_AWFI_L4_SR,2017-07-14,-48.5,-4.5
13,CBERS4_AWFI_L4_SR,2017-07-15,-40.0,-4.5
6,CBERS4_AWFI_L4_SR,2017-07-16,-57.5,-9.5
7,CBERS4_AWFI_L4_SR,2017-07-17,-47.5,-4.5
13,CBERS4_AWFI_L4_SR,2017-07-18,-39.0,-4.5
7,CBERS4_AWFI_L4_SR,2017-07-19,-55.0,-4.5
9,CBERS4_AWFI_L4_SR,2017-07-20,-46.5,-4.5
11,CBERS4_AWFI_L4_SR,2017-07-21,-38.0,-4.5
8,CBERS4_AWFI_L4_SR,2017-07-22,-53.0,1.0
6,CBERS4_AWFI_L4_SR,2017-07-23,-45.5,-4.5
11,CBERS4_AWFI_L4_SR,2017-07-24,-38.0,-9.5
8,CBERS4_AWFI_L4_SR,2017-07-25,-52.0,1.0
7,CBERS4_AWFI_L4_SR,2017-07-26,-44.5,-4.5
11,CBERS4_AWFI_L4_SR,2017-07-27,-37.0,-9.5
7,CBERS4_AWFI_L4_SR,2017-07-28,-52.5,-4.5
10,CBERS4_AWFI_L4_SR,2017-07-29,-43.5,-4.5
10,CBERS4_AWFI_L4_SR,2017-07-30,-36.0,-9.5
8,CBERS4_AWFI_L4_SR,2017-07-31,-50.0,1.5
9,CBERS4_AWFI_L4_SR,2017-08-01,-42.5,-4.5
9,CBERS4_AWFI_L4_SR,2017-08-02,-35.0,-9.5
11,CBERS4_AWFI_L4_SR,2017-08-03,-49.0,1.0
12,CBERS4_AWFI_L4_SR,2017-08-04,-41.5,-4.5
7,CBERS4_AWFI_L4_SR,2017-08-05,-57.0,1.0
11,CBERS4_AWFI_L4_SR,2017-08-06,-48.0,1.0
11,CBERS4_AWFI_L4_SR,2017-08-07,-40.5,-4.5
20,CBERS4_MUX_L4_SR,2017-08-07,-41.0,-5.5
8,CBERS4_AWFI_L4_SR,2017-08-08,-56.0,1.0
8,CBERS4_AWFI_L4_SR,2017-08-09,-48.5,-4.5
12,CBERS4_AWFI_L4_SR,2017-08-10,-40.0,-4.5
19,CBERS4_MUX_L4_SR,2017-08-10,-39.5,-3.5
7,CBERS4_AWFI_L4_SR,2017-08-11,-56.0,-4.0
6,CBERS4_AWFI_L4_SR,2017-08-12,-47.5,-4.5
13,CBERS4_AWFI_L4_SR,2017-08-13,-39.0,-4.5
8,CBERS4_AWFI_L4_SR,2017-08-14,-54.0,1.0
8,CBERS4_AWFI_L4_SR,2017-08-15,-46.5,-4.5
12,CBERS4_AWFI_L4_SR,2017-08-16,-38.0,-4.5
7,CBERS4_AWFI_L4_SR,2017-08-17,-54.0,-4.0
8,CBERS4_AWFI_L4_SR,2017-08-18,-45.5,-4.5
12,CBERS4_AWFI_L4_SR,2017-08-19,-37.0,-4.5
3,CBERS4_AWFI_L4_SR,2017-08-22,-36.0,-4.5
5,CBERS4_AWFI_L4_SR,2017-08-24,-66.5,6.5
8,CBERS4_AWFI_L4_SR,2017-08-25,-59.0,1.0
11,CBERS4_AWFI_L4_SR,2017-08-27,-42.5,-4.5
5,CBERS4_AWFI_L4_SR,2017-08-28,-34.0,-4.5
7,CBERS4_AWFI_L4_SR,2017-08-29,-49.0,1.0
11,CBERS4_AWFI_L4_SR,2017-08-30,-41.5,-4.5
8,CBERS4_AWFI_L4_SR,2017-08-31,-57.0,1.0
8,CBERS4_AWFI_L4_SR,2017-09-01,-48.5,1.0
12,CBERS4_AWFI_L4_SR,2017-09-02,-40.5,-4.5
7,CBERS4_AWFI_L4_SR,2017-09-03,-57.0,-4.5
10,CBERS4_AWFI_L4_SR,2017-09-04,-47.5,1.0
10,CBERS4_AWFI_L4_SR,2017-09-05,-41.0,-9.5
6,CBERS4_AWFI_L4_SR,2017-09-06,-57.5,-9.5
7,CBERS4_AWFI_L4_SR,2017-09-07,-47.5,-4.5
7,CBERS4_AWFI_L4_SR,2017-09-12,-54.5,-4.5
9,CBERS4_AWFI_L4_SR,2017-09-13,-45.5,-4.5
12,CBERS4_AWFI_L4_SR,2017-09-14,-37.0,-4.5
7,CBERS4_AWFI_L4_SR,2017-09-15,-53.5,-4.0
8,CBERS4_AWFI_L4_SR,2017-09-16,-44.5,-4.5
10,CBERS4_AWFI_L4_SR,2017-09-17,-36.0,-4.5
7,CBERS4_AWFI_L4_SR,2017-09-18,-52.5,-4.5
9,CBERS4_AWFI_L4_SR,2017-09-19,-43.5,-4.5
12,CBERS4_AWFI_L4_SR,2017-09-20,-35.0,-4.5
8,CBERS4_AWFI_L4_SR,2017-09-21,-50.0,1.0
6,CBERS4_AWFI_L4_SR,2017-09-22,-42.5,-4.5
17,CBERS4_MUX_L4_SR,2017-09-22,-43.0,-6.5
8,CBERS4_AWFI_L4_SR,2017-09-23,-58.0,1.0
8,CBERS4_AWFI_L4_SR,2017-09-24,-50.5,-4.5
12,CBERS4_AWFI_L4_SR,2017-09-25,-41.5,-4.5
8,CBERS4_AWFI_L4_SR,2017-09-26,-57.0,1.0
1,CBERS4_AWFI_L4_DN,2017-09-27,-53.0,-20.5
7,CBERS4_AWFI_L4_SR,2017-09-27,-49.5,-4.5
2,CBERS4_AWFI_L4_DN,2017-09-28,-43.0,-15.0
10,CBERS4_AWFI_L4_SR,2017-09-28,-41.0,-4.5
8,CBERS4_AWFI_L4_SR,2017-09-29,-56.0,1.0
9,CBERS4_AWFI_L4_SR,2017-09-30,-47.5,1.0
13,CBERS4_AWFI_L4_SR,2017-10-01,-40.0,-4.5
7,CBERS4_AWFI_L4_SR,2017-10-02,-56.0,-4.5
10,CBERS4_AWFI_L4_SR,2017-10-03,-46.5,1.0
6,CBERS4_AWFI_L4_SR,2017-10-04,-64.0,-4.5
7,CBERS4_AWFI_L4_SR,2017-10-05,-55.0,-4.0
8,CBERS4_AWFI_L4_SR,2017-10-06,-46.5,-4.5
12,CBERS4_AWFI_L4_SR,2017-10-07,-38.0,-4.5
8,CBERS4_AWFI_L4_SR,2017-10-08,-53.0,1.0
7,CBERS4_AWFI_L4_SR,2017-10-09,-45.5,-4.5
12,CBERS4_AWFI_L4_SR,2017-10-10,-37.0,-4.5
7,CBERS4_AWFI_L4_SR,2017-10-11,-53.5,-4.5
8,CBERS4_AWFI_L4_SR,2017-10-12,-44.5,-4.5
11,CBERS4_AWFI_L4_SR,2017-10-13,-37.0,-9.5
7,CBERS4_AWFI_L4_SR,2017-10-14,-52.5,-4.0
7,CBERS4_AWFI_L4_SR,2017-10-15,-43.5,-4.5
7,CBERS4_AWFI_L4_SR,2017-10-16,-36.0,-9.5
3,CBERS4_AWFI_L4_DN,2017-10-17,-50.0,1.0
5,CBERS4_AWFI_L4_SR,2017-10-17,-52.5,-9.5
12,CBERS4_AWFI_L4_SR,2017-10-18,-42.5,-4.5
8,CBERS4_AWFI_L4_SR,2017-10-19,-35.0,-9.5
8,CBERS4_AWFI_L4_SR,2017-10-20,-49.0,1.0
12,CBERS4_AWFI_L4_SR,2017-10-21,-42.0,-4.5
9,CBERS4_AWFI_L4_SR,2017-10-22,-56.0,6.5
11,CBERS4_AWFI_L4_SR,2017-10-23,-48.5,1.0
12,CBERS4_AWFI_L4_SR,2017-10-24,-41.0,-4.5
1,CBERS4_AWFI_L4_DN,2017-10-25,-57.0,-4.5
8,CBERS4_AWFI_L4_SR,2017-10-25,-55.0,6.5
3,CBERS4_AWFI_L4_DN,2017-10-26,-53.5,-25.5
8,CBERS4_AWFI_L4_SR,2017-10-26,-48.5,-4.5
13,CBERS4_AWFI_L4_SR,2017-10-27,-41.0,-9.5
9,CBERS4_AWFI_L4_SR,2017-10-28,-54.0,6.5
11,CBERS4_AWFI_L4_SR,2017-10-29,-47.5,-4.5
13,CBERS4_AWFI_L4_SR,2017-10-30,-39.0,-4.5
9,CBERS4_AWFI_L4_SR,2017-10-31,-53.0,6.5
10,CBERS4_AWFI_L4_SR,2017-11-01,-46.5,-4.5
41,CBERS4_MUX_L4_SR,2017-11-01,-47.0,-6.5
13,CBERS4_AWFI_L4_SR,2017-11-02,-38.0,-4.5
44,CBERS4_MUX_L4_SR,2017-11-02,-38.0,-4.5
9,CBERS4_AWFI_L4_SR,2017-11-03,-52.0,6.5
33,CBERS4_MUX_L4_SR,2017-11-03,-53.5,0.0
10,CBERS4_AWFI_L4_SR,2017-11-04,-45.5,-4.5
20,CBERS4_MUX_L4_SR,2017-11-04,-46.0,-5.5
10,CBERS4_AWFI_L4_SR,2017-11-05,-37.0,-4.5
46,CBERS4_MUX_L4_SR,2017-11-05,-37.0,-5.5
8,CBERS4_AWFI_L4_SR,2017-11-06,-52.0,1.0
33,CBERS4_MUX_L4_SR,2017-11-06,-52.5,-1.0
10,CBERS4_AWFI_L4_SR,2017-11-07,-44.5,-4.5
24,CBERS4_MUX_L4_SR,2017-11-07,-44.5,-2.5
13,CBERS4_AWFI_L4_SR,2017-11-08,-36.0,-4.5
39,CBERS4_MUX_L4_SR,2017-11-08,-36.0,-5.5
10,CBERS4_AWFI_L4_SR,2017-11-09,-51.0,1.0
1,CBERS4_MUX_L4_DN,2017-11-09,-52.0,-3.5
40,CBERS4_MUX_L4_SR,2017-11-09,-51.0,1.0
10,CBERS4_AWFI_L4_SR,2017-11-10,-43.5,-4.5
1,CBERS4_MUX_L4_DN,2017-11-10,-67.0,3.5
21,CBERS4_MUX_L4_SR,2017-11-10,-43.5,-3.5
12,CBERS4_AWFI_L4_SR,2017-11-11,-35.0,-4.5
36,CBERS4_MUX_L4_SR,2017-11-11,-35.5,-6.5
10,CBERS4_AWFI_L4_SR,2017-11-12,-50.5,1.0
36,CBERS4_MUX_L4_SR,2017-11-12,-51.0,-2.0
12,CBERS4_AWFI_L4_SR,2017-11-13,-42.5,-4.5
1,CBERS4_MUX_L4_DN,2017-11-13,-67.5,-2.0
10,CBERS4_MUX_L4_SR,2017-11-13,-66.0,4.5
11,CBERS4_AWFI_L4_SR,2017-11-14,-34.0,-4.5
36,CBERS4_MUX_L4_SR,2017-11-14,-57.0,5.5
11,CBERS4_AWFI_L4_SR,2017-11-15,-49.5,1.0
28,CBERS4_MUX_L4_SR,2017-11-15,-50.0,-2.0
13,CBERS4_AWFI_L4_SR,2017-11-16,-42.0,-4.5
39,CBERS4_MUX_L4_SR,2017-11-16,-41.5,-2.5
9,CBERS4_AWFI_L4_SR,2017-11-17,-56.0,6.5
25,CBERS4_MUX_L4_SR,2017-11-17,-56.0,5.5
11,CBERS4_AWFI_L4_SR,2017-11-18,-48.5,1.0
1,CBERS4_MUX_L4_DN,2017-11-18,-50.5,-8.0
30,CBERS4_MUX_L4_SR,2017-11-18,-48.5,-1.0
13,CBERS4_AWFI_L4_SR,2017-11-19,-41.0,-4.5
35,CBERS4_MUX_L4_SR,2017-11-19,-40.5,-3.5
9,CBERS4_AWFI_L4_SR,2017-11-20,-55.0,6.5
11,CBERS4_AWFI_L4_SR,2017-11-21,-48.5,-4.5
15,CBERS4_MUX_L4_SR,2017-11-21,-72.5,2.0
12,CBERS4_AWFI_L4_SR,2017-11-22,-40.0,-4.5
44,CBERS4_MUX_L4_SR,2017-11-22,-40.5,-7.0
5,CBERS4_AWFI_L4_DN,2017-11-23,-57.5,-9.5
4,CBERS4_AWFI_L4_SR,2017-11-23,-54.0,6.5
33,CBERS4_MUX_L4_DN,2017-11-23,-55.5,-2.0
11,CBERS4_AWFI_L4_SR,2017-11-24,-47.5,-4.5
32,CBERS4_MUX_L4_DN,2017-11-24,-48.0,-5.5
12,CBERS4_AWFI_L4_SR,2017-11-25,-39.0,-4.5
28,CBERS4_MUX_L4_SR,2017-11-25,-62.0,4.5
6,CBERS4_AWFI_L4_DN,2017-11-26,-56.5,-9.5
3,CBERS4_AWFI_L4_SR,2017-11-26,-53.0,6.5
11,CBERS4_AWFI_L4_SR,2017-11-27,-46.5,-4.5
1,CBERS4_MUX_L4_DN,2017-11-27,-72.5,-8.0
29,CBERS4_MUX_L4_SR,2017-11-27,-46.5,-4.5
13,CBERS4_AWFI_L4_SR,2017-11-28,-38.0,-4.5
32,CBERS4_MUX_L4_SR,2017-11-28,-38.0,-5.5
5,CBERS4_AWFI_L4_SR,2017-11-29,-53.0,1.0
1,CBERS4_MUX_L4_DN,2017-11-29,-55.5,-9.0
27,CBERS4_MUX_L4_SR,2017-11-29,-54.0,-2.0
12,CBERS4_AWFI_L4_SR,2017-11-30,-45.5,-4.5
20,CBERS4_MUX_L4_SR,2017-11-30,-46.5,-9.0
12,CBERS4_AWFI_L4_SR,2017-12-01,-37.0,-4.5
22,CBERS4_MUX_L4_SR,2017-12-01,-37.5,-7.0
9,CBERS4_AWFI_L4_SR,2017-12-02,-52.0,1.0
16,CBERS4_MUX_L4_SR,2017-12-02,-53.5,-4.5
11,CBERS4_AWFI_L4_SR,2017-12-03,-44.5,-4.5
21,CBERS4_MUX_L4_SR,2017-12-03,-44.5,-2.5
12,CBERS4_AWFI_L4_SR,2017-12-04,-36.0,-4.5
20,CBERS4_MUX_L4_SR,2017-12-04,-37.0,-8.0
9,CBERS4_AWFI_L4_SR,2017-12-05,-51.0,1.0
24,CBERS4_MUX_L4_SR,2017-12-05,-52.0,-2.0
10,CBERS4_AWFI_L4_SR,2017-12-06,-43.5,-4.5
17,CBERS4_MUX_L4_SR,2017-12-06,-43.5,-3.5
12,CBERS4_AWFI_L4_SR,2017-12-07,-35.0,-4.5
23,CBERS4_MUX_L4_SR,2017-12-07,-35.5,-7.0
10,CBERS4_AWFI_L4_SR,2017-12-08,-50.5,1.0
22,CBERS4_MUX_L4_SR,2017-12-08,-52.0,-8.0
11,CBERS4_AWFI_L4_SR,2017-12-09,-43.0,-4.5
22,CBERS4_MUX_L4_SR,2017-12-09,-42.5,-2.5
10,CBERS4_AWFI_L4_SR,2017-12-10,-35.5,-9.5
20,CBERS4_MUX_L4_SR,2017-12-10,-58.5,-2.0
11,CBERS4_AWFI_L4_SR,2017-12-11,-49.5,1.0
29,CBERS4_MUX_L4_SR,2017-12-11,-50.0,-2.0
10,CBERS4_AWFI_L4_SR,2017-12-12,-42.0,-4.5
1,CBERS4_MUX_L4_DN,2017-12-12,-65.0,4.5
32,CBERS4_MUX_L4_SR,2017-12-12,-41.5,-2.5
5,CBERS4_AWFI_L4_SR,2017-12-13,-56.0,6.5
8,CBERS4_MUX_L4_SR,2017-12-13,-58.0,-2.5
10,CBERS4_AWFI_L4_SR,2017-12-14,-49.5,-4.5
33,CBERS4_MUX_L4_SR,2017-12-14,-53.0,-19.5
13,CBERS4_AWFI_L4_SR,2017-12-15,-41.0,-4.5
1,CBERS4_MUX_L4_DN,2017-12-15,-65.5,-3.5
32,CBERS4_MUX_L4_SR,2017-12-15,-40.5,-3.5
9,CBERS4_AWFI_L4_SR,2017-12-16,-55.0,6.5
28,CBERS4_MUX_L4_SR,2017-12-16,-57.5,-5.5
11,CBERS4_AWFI_L4_SR,2017-12-17,-48.5,-4.5
25,CBERS4_MUX_L4_SR,2017-12-17,-48.0,-1.0
14,CBERS4_AWFI_L4_SR,2017-12-18,-40.0,-4.5
35,CBERS4_MUX_L4_SR,2017-12-18,-40.0,-5.5
8,CBERS4_AWFI_L4_SR,2017-12-19,-55.0,1.0
12,CBERS4_MUX_L4_DN,2017-12-19,-54.5,4.5
3,CBERS4_MUX_L4_SR,2017-12-19,-57.0,-8.0
11,CBERS4_AWFI_L4_SR,2017-12-20,-47.5,-4.5
23,CBERS4_MUX_L4_SR,2017-12-20,-48.0,-7.0
13,CBERS4_AWFI_L4_SR,2017-12-21,-39.0,-4.5
27,CBERS4_MUX_L4_SR,2017-12-21,-39.5,-8.0
8,CBERS4_AWFI_L4_SR,2017-12-22,-54.0,1.0
17,CBERS4_MUX_L4_SR,2017-12-22,-53.0,5.5
7,CBERS4_AWFI_L4_SR,2017-12-23,-46.5,-4.5
13,CBERS4_MUX_L4_SR,2017-12-23,-47.0,-7.0
12,CBERS4_AWFI_L4_SR,2017-12-24,-38.0,-4.5
37,CBERS4_MUX_L4_SR,2017-12-24,-39.0,-9.0
7,CBERS4_AWFI_L4_SR,2017-12-25,-54.5,-4.5
20,CBERS4_MUX_L4_SR,2017-12-25,-55.5,-10.0
8,CBERS4_AWFI_L4_SR,2017-12-26,-45.5,-4.5
25,CBERS4_MUX_L4_SR,2017-12-26,-46.5,-8.0
11,CBERS4_AWFI_L4_SR,2017-12-27,-37.0,-4.5
35,CBERS4_MUX_L4_SR,2017-12-27,-37.0,-5.5
8,CBERS4_AWFI_L4_SR,2017-12-28,-52.0,1.0
24,CBERS4_MUX_L4_SR,2017-12-28,-54.5,-10.0
7,CBERS4_AWFI_L4_SR,2017-12-29,-44.5,-4.5
20,CBERS4_MUX_L4_SR,2017-12-29,-45.5,-8.0
9,CBERS4_AWFI_L4_SR,2017-12-30,-37.0,-9.5
1,CBERS4_MUX_L4_DN,2017-12-30,-64.0,-18.0
29,CBERS4_MUX_L4_SR,2017-12-30,-39.0,-17.0
7,CBERS4_AWFI_L4_SR,2017-12-31,-52.5,-4.0
24,CBERS4_MUX_L4_SR,2017-12-31,-52.5,-4.5
6,CBERS4_AWFI_L4_SR,2018-01-01,-43.5,-4.5
11,CBERS4_AWFI_L4_SR,2018-01-02,-35.0,-4.5
8,CBERS4_AWFI_L4_SR,2018-01-03,-50.5,1.0
10,CBERS4_AWFI_L4_SR,2018-01-04,-43.0,-4.5
8,CBERS4_AWFI_L4_SR,2018-01-06,-49.5,1.0
9,CBERS4_AWFI_L4_SR,2018-01-07,-42.0,-4.5
6,CBERS4_AWFI_L4_SR,2018-01-08,-59.5,-10.0
10,CBERS4_AWFI_L4_SR,2018-01-09,-48.5,1.0
13,CBERS4_AWFI_L4_SR,2018-01-10,-41.0,-4.5
5,CBERS4_AWFI_L4_SR,2018-01-11,-55.0,6.5
11,CBERS4_AWFI_L4_SR,2018-01-12,-48.5,-4.5
13,CBERS4_AWFI_L4_SR,2018-01-13,-40.0,-4.5
9,CBERS4_AWFI_L4_SR,2018-01-14,-54.0,6.5
11,CBERS4_AWFI_L4_SR,2018-01-15,-47.5,-4.5
12,CBERS4_AWFI_L4_SR,2018-01-16,-39.0,-4.5
9,CBERS4_AWFI_L4_SR,2018-01-17,-53.0,6.5
11,CBERS4_AWFI_L4_SR,2018-01-18,-46.5,-4.5
9,CBERS4_AWFI_L4_SR,2018-01-19,-38.0,-4.5
6,CBERS4_AWFI_L4_SR,2018-01-20,-55.5,-9.5
8,CBERS4_AWFI_L4_SR,2018-01-21,-45.5,-4.5
13,CBERS4_AWFI_L4_SR,2018-01-22,-37.0,-4.5
8,CBERS4_AWFI_L4_SR,2018-01-23,-52.0,1.0
11,CBERS4_AWFI_L4_SR,2018-01-24,-44.5,-4.5
10,CBERS4_AWFI_L4_SR,2018-01-25,-36.0,-4.5
7,CBERS4_AWFI_L4_SR,2018-01-26,-52.5,-4.5
7,CBERS4_AWFI_L4_SR,2018-01-27,-43.5,-4.5
9,CBERS4_AWFI_L4_SR,2018-01-28,-35.0,-4.5
6,CBERS4_AWFI_L4_SR,2018-01-29,-52.5,-9.5
12,CBERS4_AWFI_L4_SR,2018-01-30,-43.0,-4.5
10,CBERS4_AWFI_L4_SR,2018-01-31,-35.5,-9.5
7,CBERS4_AWFI_L4_SR,2018-02-01,-50.5,-4.0
9,CBERS4_AWFI_L4_SR,2018-02-02,-42.0,-4.5
2,CBERS4_AWFI_L4_DN,2018-02-03,-62.0,-20.5
6,CBERS4_AWFI_L4_SR,2018-02-03,-34.5,-9.5
8,CBERS4_AWFI_L4_SR,2018-02-04,-48.5,1.0
9,CBERS4_AWFI_L4_SR,2018-02-05,-41.0,-4.5
7,CBERS4_AWFI_L4_SR,2018-02-06,-57.0,-4.5
7,CBERS4_AWFI_L4_SR,2018-02-07,-48.5,-4.5
10,CBERS4_AWFI_L4_SR,2018-02-08,-40.0,-4.5
6,CBERS4_AWFI_L4_SR,2018-02-09,-57.5,-9.5
7,CBERS4_AWFI_L4_SR,2018-02-10,-47.5,-4.5
10,CBERS4_AWFI_L4_SR,2018-02-11,-39.0,-4.5
6,CBERS4_AWFI_L4_SR,2018-02-12,-56.5,-9.5
7,CBERS4_AWFI_L4_SR,2018-02-13,-46.5,-4.5
10,CBERS4_AWFI_L4_SR,2018-02-14,-38.0,-4.5
6,CBERS4_AWFI_L4_SR,2018-02-15,-55.5,-10.0
7,CBERS4_AWFI_L4_SR,2018-02-16,-45.5,-4.5
12,CBERS4_AWFI_L4_SR,2018-02-17,-37.0,-4.5
7,CBERS4_AWFI_L4_SR,2018-02-18,-53.5,-4.5
4,CBERS4_AWFI_L4_SR,2018-02-19,-44.5,-4.5
6,CBERS4_AWFI_L4_SR,2018-02-22,-43.5,-4.5
6,CBERS4_AWFI_L4_SR,2018-02-24,-52.5,-10.0
7,CBERS4_AWFI_L4_SR,2018-02-25,-43.0,-4.5
7,CBERS4_AWFI_L4_SR,2018-02-26,-35.5,-9.5
7,CBERS4_AWFI_L4_SR,2018-02-27,-50.5,-4.0
9,CBERS4_AWFI_L4_SR,2018-02-28,-42.0,-4.5
7,CBERS4_AWFI_L4_SR,2018-03-01,-58.0,-4.5
8,CBERS4_AWFI_L4_SR,2018-03-02,-48.5,1.0
1,CBERS4_AWFI_L4_DN,2018-03-03,-46.0,-25.5
9,CBERS4_AWFI_L4_SR,2018-03-03,-41.0,-4.5
6,CBERS4_AWFI_L4_SR,2018-03-04,-58.5,-10.0
8,CBERS4_AWFI_L4_SR,2018-03-05,-47.5,1.0
9,CBERS4_AWFI_L4_SR,2018-03-08,-47.5,-4.5
13,CBERS4_AWFI_L4_SR,2018-03-09,-39.0,-4.5
9,CBERS4_AWFI_L4_SR,2018-03-10,-53.0,6.5
11,CBERS4_AWFI_L4_SR,2018-03-11,-46.5,-4.5
13,CBERS4_AWFI_L4_SR,2018-03-12,-38.0,-4.5
8,CBERS4_AWFI_L4_SR,2018-03-13,-53.0,1.0
12,CBERS4_AWFI_L4_SR,2018-03-14,-45.5,-4.5
13,CBERS4_AWFI_L4_SR,2018-03-15,-37.0,-4.5
8,CBERS4_AWFI_L4_SR,2018-03-16,-52.0,1.0
11,CBERS4_AWFI_L4_SR,2018-03-17,-44.5,-4.5
13,CBERS4_AWFI_L4_SR,2018-03-18,-36.0,-4.5
10,CBERS4_AWFI_L4_SR,2018-03-19,-51.0,1.0
10,CBERS4_AWFI_L4_SR,2018-03-20,-45.0,-9.5
10,CBERS4_AWFI_L4_SR,2018-03-21,-36.0,-9.5
10,CBERS4_AWFI_L4_SR,2018-03-22,-50.0,1.0
11,CBERS4_AWFI_L4_SR,2018-03-23,-42.5,-4.5
9,CBERS4_AWFI_L4_SR,2018-03-24,-56.5,6.5
11,CBERS4_AWFI_L4_SR,2018-03-25,-49.0,1.0
13,CBERS4_AWFI_L4_SR,2018-03-26,-41.5,-4.5
9,CBERS4_AWFI_L4_SR,2018-03-27,-55.5,6.5
12,CBERS4_AWFI_L4_SR,2018-03-28,-48.5,1.0
13,CBERS4_AWFI_L4_SR,2018-03-29,-41.0,-4.5
9,CBERS4_AWFI_L4_SR,2018-03-30,-55.0,6.5
11,CBERS4_AWFI_L4_SR,2018-03-31,-47.5,1.0
13,CBERS4_AWFI_L4_SR,2018-04-01,-40.0,-4.5
8,CBERS4_AWFI_L4_SR,2018-04-02,-55.0,1.0
11,CBERS4_AWFI_L4_SR,2018-04-03,-47.5,-4.5
12,CBERS4_AWFI_L4_SR,2018-04-04,-39.0,-4.5
9,CBERS4_AWFI_L4_SR,2018-04-05,-53.0,6.5
10,CBERS4_AWFI_L4_SR,2018-04-06,-46.5,-4.5
12,CBERS4_AWFI_L4_SR,2018-04-07,-38.0,-4.5
9,CBERS4_AWFI_L4_SR,2018-04-08,-52.0,6.5
12,CBERS4_AWFI_L4_SR,2018-04-09,-45.5,-4.5
13,CBERS4_AWFI_L4_SR,2018-04-10,-37.0,-4.5
8,CBERS4_AWFI_L4_SR,2018-04-11,-52.0,1.0
11,CBERS4_AWFI_L4_SR,2018-04-12,-44.5,-4.5
12,CBERS4_AWFI_L4_SR,2018-04-13,-37.0,-9.5
10,CBERS4_AWFI_L4_SR,2018-04-14,-51.0,1.0
10,CBERS4_AWFI_L4_SR,2018-04-15,-43.5,-4.5
12,CBERS4_AWFI_L4_SR,2018-04-16,-35.0,-4.5
10,CBERS4_AWFI_L4_SR,2018-04-17,-50.0,1.0
11,CBERS4_AWFI_L4_SR,2018-04-18,-42.5,-4.5
10,CBERS4_AWFI_L4_SR,2018-04-19,-35.0,-9.5
12,CBERS4_AWFI_L4_SR,2018-04-20,-49.0,1.0
13,CBERS4_AWFI_L4_SR,2018-04-21,-41.5,-4.5
9,CBERS4_AWFI_L4_SR,2018-04-22,-56.0,6.5
10,CBERS4_AWFI_L4_SR,2018-04-23,-49.5,-4.5
12,CBERS4_AWFI_L4_SR,2018-04-24,-42.0,-9.5
9,CBERS4_AWFI_L4_SR,2018-04-25,-55.0,6.5
9,CBERS4_AWFI_L4_SR,2018-04-26,-48.5,-4.5
13,CBERS4_AWFI_L4_SR,2018-04-27,-40.0,-4.5
9,CBERS4_AWFI_L4_SR,2018-04-28,-54.0,6.5
10,CBERS4_AWFI_L4_SR,2018-04-29,-47.5,-4.5
12,CBERS4_AWFI_L4_SR,2018-04-30,-40.0,-9.5
8,CBERS4_AWFI_L4_SR,2018-05-01,-54.0,1.0
10,CBERS4_AWFI_L4_SR,2018-05-02,-46.5,-4.5
13,CBERS4_AWFI_L4_SR,2018-05-03,-38.0,-4.5
9,CBERS4_AWFI_L4_SR,2018-05-04,-52.0,6.5
10,CBERS4_AWFI_L4_SR,2018-05-05,-45.5,-4.5
13,CBERS4_AWFI_L4_SR,2018-05-06,-37.0,-4.5
8,CBERS4_AWFI_L4_SR,2018-05-07,-52.0,1.0
10,CBERS4_AWFI_L4_SR,2018-05-08,-44.5,-4.5
12,CBERS4_AWFI_L4_SR,2018-05-09,-37.0,-9.5
9,CBERS4_AWFI_L4_SR,2018-05-10,-51.0,1.0
10,CBERS4_AWFI_L4_SR,2018-05-11,-43.5,-4.5
13,CBERS4_AWFI_L4_SR,2018-05-12,-35.0,-4.5
10,CBERS4_AWFI_L4_SR,2018-05-13,-50.0,1.0
12,CBERS4_AWFI_L4_SR,2018-05-14,-42.5,-4.5
11,CBERS4_AWFI_L4_SR,2018-05-15,-34.0,-4.5
8,CBERS4_AWFI_L4_SR,2018-05-16,-49.0,1.0
3,CBERS4_AWFI_L4_SR,2018-05-19,-73.5,1.0
13,CBERS4_AWFI_L4_SR,2018-05-20,-41.0,-4.5
9,CBERS4_AWFI_L4_SR,2018-05-21,-55.0,6.5
11,CBERS4_AWFI_L4_SR,2018-05-22,-48.5,-4.5
13,CBERS4_AWFI_L4_SR,2018-05-23,-40.0,-4.5
9,CBERS4_AWFI_L4_SR,2018-05-24,-54.0,6.5
11,CBERS4_AWFI_L4_SR,2018-05-25,-47.5,-4.5
12,CBERS4_AWFI_L4_SR,2018-05-26,-39.0,-4.5
8,CBERS4_AWFI_L4_SR,2018-05-27,-54.0,1.0
1,CBERS4_AWFI_L4_DN,2018-05-28,-70.5,1.0
10,CBERS4_AWFI_L4_SR,2018-05-28,-46.5,-4.5
13,CBERS4_AWFI_L4_SR,2018-05-29,-38.0,-4.5
9,CBERS4_AWFI_L4_SR,2018-05-30,-52.0,6.5
11,CBERS4_AWFI_L4_SR,2018-05-31,-45.5,-4.5
19,CBERS4_AWFI_L4_SR,2018-06-01,32.0,6.5
13,CBERS4_AWFI_L4_SR,2018-06-02,39.5,1.0
14,CBERS4_AWFI_L4_SR,2018-06-03,24.5,6.5
17,CBERS4_AWFI_L4_SR,2018-06-04,32.0,1.0
15,CBERS4_AWFI_L4_SR,2018-06-05,43.0,11.5
16,CBERS4_AWFI_L4_SR,2018-06-06,25.5,6.5
19,CBERS4_AWFI_L4_SR,2018-06-07,34.0,6.5
15,CBERS4_AWFI_L4_SR,2018-06-08,44.0,11.5
13,CBERS4_AWFI_L4_SR,2018-06-09,46.5,-15.0
15,CBERS4_AWFI_L4_SR,2018-06-10,37.5,17.0
15,CBERS4_AWFI_L4_SR,2018-06-11,45.0,11.5
15,CBERS4_AWFI_L4_SR,2018-06-12,47.5,-15.0
15,CBERS4_AWFI_L4_SR,2018-06-13,38.5,17.0
15,CBERS4_AWFI_L4_SR,2018-06-14,46.0,11.5
13,CBERS4_AWFI_L4_SR,2018-06-15,48.5,-15.0
14,CBERS4_AWFI_L4_SR,2018-06-16,39.5,17.0
16,CBERS4_AWFI_L4_SR,2018-06-17,21.5,11.5
16,CBERS4_AWFI_L4_SR,2018-06-18,49.5,-15.0
15,CBERS4_AWFI_L4_SR,2018-06-19,40.5,17.0
16,CBERS4_AWFI_L4_SR,2018-06-20,22.5,11.5
19,CBERS4_AWFI_L4_SR,2018-06-21,32.5,17.0
13,CBERS4_AWFI_L4_SR,2018-06-22,40.0,11.5
16,CBERS4_AWFI_L4_SR,2018-06-23,23.5,11.5
16,CBERS4_AWFI_L4_SR,2018-06-24,33.5,17.0
13,CBERS4_AWFI_L4_SR,2018-06-25,41.0,11.5
11,CBERS4_AWFI_L4_SR,2018-06-26,26.0,17.0
8,CBERS4_AWFI_L4_SR,2018-07-01,-51.0,1.0
15,CBERS4_AWFI_L4_SR,2018-07-02,35.0,11.5
17,CBERS4_AWFI_L4_SR,2018-07-03,44.0,11.5
9,CBERS4_AWFI_L4_SR,2018-07-04,46.5,-15.0
17,CBERS4_AWFI_L4_SR,2018-07-05,36.0,11.5
13,CBERS4_AWFI_L4_SR,2018-07-06,43.5,6.5
11,CBERS4_AWFI_L4_SR,2018-07-07,-49.0,1.0
13,CBERS4_AWFI_L4_SR,2018-07-08,38.5,17.0
13,CBERS4_AWFI_L4_SR,2018-07-09,46.0,11.5
13,CBERS4_AWFI_L4_SR,2018-07-10,48.5,-15.0
1,CBERS4_AWFI_L4_DN,2018-07-11,-66.0,-4.5
18,CBERS4_AWFI_L4_SR,2018-07-11,39.5,17.0
14,CBERS4_AWFI_L4_SR,2018-07-12,21.5,11.5
13,CBERS4_AWFI_L4_SR,2018-07-13,49.5,-15.0
13,CBERS4_AWFI_L4_SR,2018-07-14,-41.0,-9.5
14,CBERS4_AWFI_L4_SR,2018-07-15,22.5,11.5
17,CBERS4_AWFI_L4_SR,2018-07-16,32.5,17.0
1,CBERS4_AWFI_L4_DN,2018-07-17,35.0,-9.5
13,CBERS4_AWFI_L4_SR,2018-07-17,41.5,17.0
12,CBERS4_AWFI_L4_SR,2018-07-18,23.5,11.5
17,CBERS4_AWFI_L4_SR,2018-07-19,33.5,17.0
18,CBERS4_AWFI_L4_SR,2018-07-20,41.0,11.5
8,CBERS4_AWFI_L4_SR,2018-07-21,-53.0,1.0
18,CBERS4_AWFI_L4_SR,2018-07-22,34.5,17.0
18,CBERS4_AWFI_L4_SR,2018-07-23,42.0,11.5
14,CBERS4_AWFI_L4_SR,2018-07-24,27.0,17.0
11,CBERS4_AWFI_L4_SR,2018-07-25,35.5,17.0
17,CBERS4_AWFI_L4_SR,2018-07-26,43.0,11.5
8,CBERS4_AWFI_L4_SR,2018-07-27,-51.0,1.0
14,CBERS4_AWFI_L4_SR,2018-07-28,34.0,6.5
18,CBERS4_AWFI_L4_SR,2018-07-29,44.0,11.5
11,CBERS4_AWFI_L4_SR,2018-07-30,46.5,-15.0
18,CBERS4_AWFI_L4_SR,2018-07-31,37.5,17.0
14,CBERS4_AWFI_L4_SR,2018-08-01,45.0,11.5
12,CBERS4_AWFI_L4_SR,2018-08-02,47.5,-15.0
19,CBERS4_AWFI_L4_SR,2018-08-03,38.5,17.0
13,CBERS4_AWFI_L4_SR,2018-08-04,46.0,11.5
13,CBERS4_AWFI_L4_SR,2018-08-05,48.5,-15.0
18,CBERS4_AWFI_L4_SR,2018-08-06,39.5,17.0
14,CBERS4_AWFI_L4_SR,2018-08-07,21.5,11.5
12,CBERS4_AWFI_L4_SR,2018-08-08,49.5,-15.0
19,CBERS4_AWFI_L4_SR,2018-08-09,40.5,17.0
14,CBERS4_AWFI_L4_SR,2018-08-10,22.5,11.5
17,CBERS4_AWFI_L4_SR,2018-08-11,32.5,17.0
19,CBERS4_AWFI_L4_SR,2018-08-12,41.5,17.0
15,CBERS4_AWFI_L4_SR,2018-08-13,25.0,17.0
18,CBERS4_AWFI_L4_SR,2018-08-14,33.5,17.0
18,CBERS4_AWFI_L4_SR,2018-08-15,41.0,11.5
11,CBERS4_AWFI_L4_SR,2018-08-16,26.0,17.0
15,CBERS4_AWFI_L4_SR,2018-08-17,10.5,22.5
18,CBERS4_AWFI_L4_SR,2018-08-18,18.0,17.0
14,CBERS4_AWFI_L4_SR,2018-08-19,27.0,17.0
13,CBERS4_AWFI_L4_SR,2018-08-20,10.5,17.0
19,CBERS4_AWFI_L4_SR,2018-08-21,19.0,17.0
16,CBERS4_AWFI_L4_SR,2018-08-22,27.5,17.0
10,CBERS4_AWFI_L4_SR,2018-08-23,-43.5,-4.5
18,CBERS4_AWFI_L4_SR,2018-08-24,20.0,17.0
14,CBERS4_AWFI_L4_SR,2018-08-25,5.0,22.5
17,CBERS4_AWFI_L4_SR,2018-08-26,13.5,22.5
16,CBERS4_AWFI_L4_SR,2018-08-27,21.0,17.0
14,CBERS4_AWFI_L4_SR,2018-08-28,6.0,22.5
17,CBERS4_AWFI_L4_SR,2018-08-29,13.0,17.0
15,CBERS4_AWFI_L4_SR,2018-08-30,22.0,17.0
15,CBERS4_AWFI_L4_SR,2018-08-31,7.0,22.5
18,CBERS4_AWFI_L4_SR,2018-09-01,38.0,11.5
14,CBERS4_AWFI_L4_SR,2018-09-02,47.0,11.5
17,CBERS4_AWFI_L4_SR,2018-09-03,31.5,17.0
18,CBERS4_AWFI_L4_SR,2018-09-04,40.5,17.0
12,CBERS4_AWFI_L4_SR,2018-09-05,47.5,11.5
18,CBERS4_AWFI_L4_SR,2018-09-06,32.5,17.0
19,CBERS4_AWFI_L4_SR,2018-09-07,41.5,17.0
12,CBERS4_AWFI_L4_SR,2018-09-08,48.5,11.5
17,CBERS4_AWFI_L4_SR,2018-09-09,33.5,17.0
19,CBERS4_AWFI_L4_SR,2018-09-10,42.5,17.0
12,CBERS4_AWFI_L4_SR,2018-09-11,49.5,11.5
16,CBERS4_AWFI_L4_SR,2018-09-12,33.0,11.5
11,CBERS4_AWFI_L4_SR,2018-09-13,-39.5,-15.0
9,CBERS4_AWFI_L4_SR,2018-09-14,50.5,11.5
11,CBERS4_AWFI_L4_SR,2018-09-15,-44.5,-4.5
13,CBERS4_AWFI_L4_SR,2018-09-16,-36.0,-4.5
12,CBERS4_AWFI_L4_SR,2018-09-17,51.5,11.5
17,CBERS4_AWFI_L4_SR,2018-09-18,36.5,17.0
18,CBERS4_AWFI_L4_SR,2018-09-19,44.0,11.5
16,CBERS4_AWFI_L4_SR,2018-09-20,28.5,17.0
14,CBERS4_AWFI_L4_SR,2018-09-21,36.0,11.5
15,CBERS4_AWFI_L4_SR,2018-09-22,45.0,11.5
18,CBERS4_AWFI_L4_SR,2018-09-23,29.5,17.0
17,CBERS4_AWFI_L4_SR,2018-09-24,37.0,11.5
13,CBERS4_AWFI_L4_SR,2018-09-25,46.0,11.5
17,CBERS4_AWFI_L4_SR,2018-09-26,30.5,17.0
13,CBERS4_AWFI_L4_SR,2018-09-27,-41.0,-4.5
15,CBERS4_AWFI_L4_SR,2018-09-28,23.0,17.0
14,CBERS4_AWFI_L4_SR,2018-09-29,8.0,22.5
17,CBERS4_AWFI_L4_SR,2018-09-30,15.0,17.0
15,CBERS4_AWFI_L4_SR,2018-10-01,24.0,17.0
15,CBERS4_AWFI_L4_SR,2018-10-02,8.5,22.5
17,CBERS4_AWFI_L4_SR,2018-10-03,16.0,17.0
15,CBERS4_AWFI_L4_SR,2018-10-04,25.0,17.0
15,CBERS4_AWFI_L4_SR,2018-10-05,9.5,22.5
18,CBERS4_AWFI_L4_SR,2018-10-06,17.0,17.0
14,CBERS4_AWFI_L4_SR,2018-10-07,26.0,17.0
13,CBERS4_AWFI_L4_SR,2018-10-08,9.5,17.0
17,CBERS4_AWFI_L4_SR,2018-10-09,18.0,17.0
14,CBERS4_AWFI_L4_SR,2018-10-10,27.0,17.0
13,CBERS4_AWFI_L4_SR,2018-10-11,10.5,17.0
18,CBERS4_AWFI_L4_SR,2018-10-12,19.0,17.0
16,CBERS4_AWFI_L4_SR,2018-10-13,27.5,17.0
15,CBERS4_AWFI_L4_SR,2018-10-14,12.5,22.5
1,CBERS4_AWFI_L2_DN,2018-10-15,-38.5,-20.5
17,CBERS4_AWFI_L4_SR,2018-10-15,20.0,17.0
14,CBERS4_AWFI_L4_SR,2018-10-16,5.0,22.5
17,CBERS4_AWFI_L4_SR,2018-10-17,13.5,22.5
16,CBERS4_AWFI_L4_SR,2018-10-18,21.0,17.0
15,CBERS4_AWFI_L4_SR,2018-10-19,6.0,22.5
18,CBERS4_AWFI_L4_SR,2018-10-20,14.5,22.5
15,CBERS4_AWFI_L4_SR,2018-10-21,22.0,17.0
15,CBERS4_AWFI_L4_SR,2018-10-22,7.0,22.5
17,CBERS4_AWFI_L4_SR,2018-10-23,38.0,11.5
14,CBERS4_AWFI_L4_SR,2018-10-24,46.5,11.5
17,CBERS4_AWFI_L4_SR,2018-10-25,31.5,17.0
19,CBERS4_AWFI_L4_SR,2018-10-26,39.0,11.5
11,CBERS4_AWFI_L4_SR,2018-10-27,47.5,11.5
18,CBERS4_AWFI_L4_SR,2018-10-28,32.5,17.0
18,CBERS4_AWFI_L4_SR,2018-10-29,39.0,6.5
11,CBERS4_AWFI_L4_SR,2018-10-30,48.5,11.5
17,CBERS4_AWFI_L4_SR,2018-10-31,33.5,17.0
18,CBERS4_AWFI_L4_SR,2018-11-01,39.5,6.5
10,CBERS4_AWFI_L4_SR,2018-11-02,49.5,11.5
18,CBERS4_AWFI_L4_SR,2018-11-03,34.5,17.0
19,CBERS4_AWFI_L4_SR,2018-11-04,42.0,11.5
11,CBERS4_AWFI_L4_SR,2018-11-05,50.5,11.5
10,CBERS4_AWFI_L4_SR,2018-11-06,-43.5,1.0
18,CBERS4_AWFI_L4_SR,2018-11-07,43.0,11.5
10,CBERS4_AWFI_L4_SR,2018-11-08,51.5,11.5
17,CBERS4_AWFI_L4_SR,2018-11-09,36.5,17.0
18,CBERS4_AWFI_L4_SR,2018-11-10,44.0,11.5
16,CBERS4_AWFI_L4_SR,2018-11-11,28.5,17.0
18,CBERS4_AWFI_L4_SR,2018-11-12,37.5,17.0
14,CBERS4_AWFI_L4_SR,2018-11-13,43.5,6.5
17,CBERS4_AWFI_L4_SR,2018-11-14,29.5,17.0
18,CBERS4_AWFI_L4_SR,2018-11-15,36.0,6.5
13,CBERS4_AWFI_L4_SR,2018-11-16,20.5,11.5
14,CBERS4_AWFI_L4_SR,2018-11-17,27.0,1.0
17,CBERS4_AWFI_L4_SR,2018-11-18,35.5,1.0
9,CBERS4_AWFI_L4_SR,2018-11-19,-55.0,6.5
17,CBERS4_AWFI_L4_SR,2018-11-20,28.0,1.0
18,CBERS4_AWFI_L4_SR,2018-11-21,36.5,1.0
14,CBERS4_AWFI_L4_SR,2018-11-22,21.5,6.5
15,CBERS4_AWFI_L4_SR,2018-11-23,27.5,-4.5
14,CBERS4_AWFI_L4_SR,2018-11-24,34.0,-15.0
14,CBERS4_AWFI_L4_SR,2018-11-25,22.5,6.5
16,CBERS4_AWFI_L4_SR,2018-11-26,30.0,1.0
18,CBERS4_AWFI_L4_SR,2018-11-27,41.0,11.5
13,CBERS4_AWFI_L4_SR,2018-11-28,23.5,6.5
14,CBERS4_AWFI_L4_SR,2018-11-29,29.5,-4.5
18,CBERS4_AWFI_L4_SR,2018-11-30,42.0,11.5
14,CBERS4_AWFI_L4_SR,2018-12-01,25.5,11.5
13,CBERS4_AWFI_L4_SR,2018-12-02,29.5,-9.5
17,CBERS4_AWFI_L4_SR,2018-12-03,43.0,11.5
8,CBERS4_AWFI_L4_SR,2018-12-04,-51.0,1.0
17,CBERS4_AWFI_L4_SR,2018-12-05,34.0,6.5
18,CBERS4_AWFI_L4_SR,2018-12-06,20.0,17.0
15,CBERS4_AWFI_L4_SR,2018-12-07,25.0,1.0
17,CBERS4_AWFI_L4_SR,2018-12-08,34.0,1.0
16,CBERS4_AWFI_L4_SR,2018-12-09,21.0,17.0
17,CBERS4_AWFI_L4_SR,2018-12-10,27.0,6.5
17,CBERS4_AWFI_L4_SR,2018-12-11,33.5,-4.5
16,CBERS4_AWFI_L4_SR,2018-12-12,22.0,17.0
17,CBERS4_AWFI_L4_SR,2018-12-13,28.0,6.5
19,CBERS4_AWFI_L4_SR,2018-12-14,35.5,1.0
15,CBERS4_AWFI_L4_SR,2018-12-15,23.0,17.0
18,CBERS4_AWFI_L4_SR,2018-12-16,29.0,6.5
19,CBERS4_AWFI_L4_SR,2018-12-17,36.5,1.0
14,CBERS4_AWFI_L4_SR,2018-12-18,22.5,11.5
17,CBERS4_AWFI_L4_SR,2018-12-19,30.0,6.5
18,CBERS4_AWFI_L4_SR,2018-12-20,40.0,11.5
15,CBERS4_AWFI_L4_SR,2018-12-21,25.0,17.0
16,CBERS4_AWFI_L4_SR,2018-12-22,32.0,11.5
19,CBERS4_AWFI_L4_SR,2018-12-23,42.0,17.0
15,CBERS4_AWFI_L4_SR,2018-12-24,25.5,17.0
18,CBERS4_AWFI_L4_SR,2018-12-25,34.5,17.0
19,CBERS4_AWFI_L4_SR,2018-12-26,43.0,17.0
12,CBERS4_AWFI_L4_SR,2018-12-27,25.5,11.5
11,CBERS4_AWFI_L4_SR,2018-12-28,-44.5,-4.5
18,CBERS4_AWFI_L4_SR,2018-12-29,43.0,11.5
15,CBERS4_AWFI_L4_SR,2018-12-30,27.5,17.0
17,CBERS4_AWFI_L4_SR,2018-12-31,36.5,17.0
13,CBERS4_AWFI_L4_SR,2019-01-01,-35.0,-4.5
12,CBERS4_AWFI_L4_SR,2019-01-02,42.5,6.5
12,CBERS4_AWFI_L4_SR,2019-01-03,46.5,-15.0
15,CBERS4_AWFI_L4_SR,2019-01-04,37.5,17.0
9,CBERS4_AWFI_L4_SR,2019-01-05,-49.5,1.0
15,CBERS4_AWFI_L4_SR,2019-01-06,47.5,-15.0
16,CBERS4_AWFI_L4_SR,2019-01-07,38.5,17.0
15,CBERS4_AWFI_L4_SR,2019-01-08,19.5,6.5
18,CBERS4_AWFI_L4_SR,2019-01-09,30.5,17.0
14,CBERS4_AWFI_L4_SR,2019-01-10,39.5,17.0
16,CBERS4_AWFI_L4_SR,2019-01-11,21.5,11.5
19,CBERS4_AWFI_L4_SR,2019-01-12,29.0,6.5
15,CBERS4_AWFI_L4_SR,2019-01-13,38.0,6.5
17,CBERS4_AWFI_L4_SR,2019-01-14,22.5,11.5
19,CBERS4_AWFI_L4_SR,2019-01-15,30.0,6.5
15,CBERS4_AWFI_L4_SR,2019-01-16,39.0,6.5
17,CBERS4_AWFI_L4_SR,2019-01-17,23.5,11.5
19,CBERS4_AWFI_L4_SR,2019-01-18,33.5,17.0
14,CBERS4_AWFI_L4_SR,2019-01-19,41.0,11.5
17,CBERS4_AWFI_L4_SR,2019-01-20,25.5,17.0
19,CBERS4_AWFI_L4_SR,2019-01-21,34.5,17.0
13,CBERS4_AWFI_L4_SR,2019-01-22,42.0,11.5
16,CBERS4_AWFI_L4_SR,2019-01-23,26.5,17.0
18,CBERS4_AWFI_L4_SR,2019-01-24,34.0,11.5
13,CBERS4_AWFI_L4_SR,2019-01-25,43.0,11.5
13,CBERS4_AWFI_L4_SR,2019-01-26,50.5,6.5
19,CBERS4_AWFI_L4_SR,2019-01-27,34.0,6.5
13,CBERS4_AWFI_L4_SR,2019-01-28,41.5,1.0
12,CBERS4_AWFI_L4_SR,2019-01-29,-42.5,-4.5
17,CBERS4_AWFI_L4_SR,2019-01-30,37.5,17.0
15,CBERS4_AWFI_L4_SR,2019-01-31,19.5,11.5
18,CBERS4_AWFI_L4_SR,2019-02-01,28.5,11.5
15,CBERS4_AWFI_L4_SR,2019-02-02,38.5,17.0
16,CBERS4_AWFI_L4_SR,2019-02-03,20.5,11.5
12,CBERS4_AWFI_L4_SR,2019-02-04,-41.0,-4.5
13,CBERS4_AWFI_L4_SR,2019-02-05,37.0,6.5
18,CBERS4_AWFI_L4_SR,2019-02-06,23.0,17.0
20,CBERS4_AWFI_L4_SR,2019-02-07,31.5,17.0
14,CBERS4_AWFI_L4_SR,2019-02-08,39.0,11.5
16,CBERS4_AWFI_L4_SR,2019-02-09,22.5,11.5
19,CBERS4_AWFI_L4_SR,2019-02-10,32.5,17.0
15,CBERS4_AWFI_L4_SR,2019-02-11,41.0,17.0
16,CBERS4_AWFI_L4_SR,2019-02-12,22.5,6.5
18,CBERS4_AWFI_L4_SR,2019-02-13,33.5,17.0
13,CBERS4_AWFI_L4_SR,2019-02-14,41.0,11.5
16,CBERS4_AWFI_L4_SR,2019-02-15,24.5,11.5
19,CBERS4_AWFI_L4_SR,2019-02-16,32.0,6.5
13,CBERS4_AWFI_L4_SR,2019-02-17,39.5,1.0
16,CBERS4_AWFI_L4_SR,2019-02-18,25.5,11.5
19,CBERS4_AWFI_L4_SR,2019-02-19,33.0,6.5
13,CBERS4_AWFI_L4_SR,2019-02-20,40.5,1.0
12,CBERS4_AWFI_L4_SR,2019-02-21,45.5,-15.0
19,CBERS4_AWFI_L4_SR,2019-02-22,36.5,17.0
14,CBERS4_AWFI_L4_SR,2019-02-23,44.0,11.5
17,CBERS4_AWFI_L4_SR,2019-02-24,28.5,17.0
17,CBERS4_AWFI_L4_SR,2019-02-25,36.0,11.5
16,CBERS4_AWFI_L4_SR,2019-02-26,45.0,11.5
19,CBERS4_AWFI_L4_SR,2019-02-27,29.5,17.0
13,CBERS4_AWFI_L4_SR,2019-02-28,33.5,-4.5
15,CBERS4_AWFI_L4_SR,2019-03-01,45.5,11.5
20,CBERS4_AWFI_L4_SR,2019-03-02,30.5,17.0
13,CBERS4_AWFI_L4_SR,2019-03-03,14.0,17.0
17,CBERS4_AWFI_L4_SR,2019-03-04,23.0,17.0
18,CBERS4_AWFI_L4_SR,2019-03-05,7.5,22.5
13,CBERS4_AWFI_L4_SR,2019-03-06,15.0,17.0
17,CBERS4_AWFI_L4_SR,2019-03-07,24.0,17.0
13,CBERS4_AWFI_L4_SR,2019-03-08,8.5,22.5
14,CBERS4_AWFI_L4_SR,2019-03-09,16.0,17.0
16,CBERS4_AWFI_L4_SR,2019-03-10,24.5,17.0
17,CBERS4_AWFI_L4_SR,2019-03-11,9.5,22.5
13,CBERS4_AWFI_L4_SR,2019-03-12,17.0,17.0
17,CBERS4_AWFI_L4_SR,2019-03-13,25.5,17.0
16,CBERS4_AWFI_L4_SR,2019-03-14,9.5,17.0
14,CBERS4_AWFI_L4_SR,2019-03-15,18.0,17.0
14,CBERS4_AWFI_L4_SR,2019-03-16,25.5,11.5
16,CBERS4_AWFI_L4_SR,2019-03-17,10.0,17.0
14,CBERS4_AWFI_L4_SR,2019-03-18,40.5,1.0
17,CBERS4_AWFI_L4_SR,2019-03-19,27.5,17.0
15,CBERS4_AWFI_L4_SR,2019-03-20,12.5,22.5
13,CBERS4_AWFI_L4_SR,2019-03-21,41.5,1.0
16,CBERS4_AWFI_L4_SR,2019-03-22,5.0,22.5
14,CBERS4_AWFI_L4_SR,2019-03-23,13.5,22.5
12,CBERS4_AWFI_L4_SR,2019-03-24,40.0,-9.5
17,CBERS4_AWFI_L4_SR,2019-03-25,6.0,22.5
14,CBERS4_AWFI_L4_SR,2019-03-26,14.5,22.5
15,CBERS4_AWFI_L4_SR,2019-03-27,22.0,17.0
16,CBERS4_AWFI_L4_SR,2019-03-28,5.5,17.0
15,CBERS4_AWFI_L4_SR,2019-03-29,38.0,11.5
15,CBERS4_AWFI_L4_SR,2019-03-30,45.5,6.5
20,CBERS4_AWFI_L4_SR,2019-03-31,31.5,17.0
15,CBERS4_AWFI_L4_SR,2019-04-01,39.0,11.5
15,CBERS4_AWFI_L4_SR,2019-04-02,47.5,11.5
17,CBERS4_AWFI_L4_SR,2019-04-03,32.5,17.0
15,CBERS4_AWFI_L4_SR,2019-04-04,40.0,11.5
14,CBERS4_AWFI_L4_SR,2019-04-05,48.5,11.5
17,CBERS4_AWFI_L4_SR,2019-04-06,33.5,17.0
14,CBERS4_AWFI_L4_SR,2019-04-07,41.0,11.5
15,CBERS4_AWFI_L4_SR,2019-04-08,49.5,11.5
19,CBERS4_AWFI_L4_SR,2019-04-09,34.5,17.0
6,CBERS4_AWFI_L4_SR,2019-04-10,42.0,11.5
11,CBERS4_AWFI_L4_SR,2019-04-11,-45.0,-4.5
14,CBERS4_AWFI_L4_SR,2019-04-12,30.5,-4.0
8,CBERS4_AWFI_L4_SR,2019-04-13,-51.5,1.0
13,CBERS4_AWFI_L4_SR,2019-04-14,52.5,17.0
7,CBERS4_AWFI_L4_SR,2019-04-15,-36.0,-4.5
10,CBERS4_AWFI_L4_SR,2019-04-16,45.5,22.5
4,CBERS4_AWFI_L4_SR,2019-04-17,-45.0,-9.5
6,CBERS4_AWFI_L4_SR,2019-04-18,-36.0,-9.5
5,CBERS4_AWFI_L4_SR,2019-04-19,-50.0,1.0
10,CBERS4_AWFI_L4_SR,2019-04-20,30.0,22.5
8,CBERS4_AWFI_L4_SR,2019-04-21,-35.0,-9.5
11,CBERS4_AWFI_L4_SR,2019-04-22,45.0,11.5
19,CBERS4_AWFI_L4_SR,2019-04-23,30.0,17.0
12,CBERS4_AWFI_L4_SR,2019-04-24,13.5,17.0
11,CBERS4_AWFI_L4_SR,2019-04-25,-48.5,1.0
15,CBERS4_AWFI_L4_SR,2019-04-26,7.0,22.5
13,CBERS4_AWFI_L4_SR,2019-04-27,14.0,17.0
18,CBERS4_AWFI_L4_SR,2019-04-28,23.0,17.0
17,CBERS4_AWFI_L4_SR,2019-04-29,8.0,22.5
9,CBERS4_AWFI_L4_SR,2019-04-30,-54.0,6.5
17,CBERS4_AWFI_L4_SR,2019-05-01,24.0,17.0
13,CBERS4_AWFI_L4_SR,2019-05-02,-39.0,-4.5
9,CBERS4_AWFI_L4_SR,2019-05-03,17.5,22.5
13,CBERS4_AWFI_L4_SR,2019-05-04,24.0,11.5
15,CBERS4_AWFI_L4_SR,2019-05-05,8.5,17.0
13,CBERS4_AWFI_L4_SR,2019-05-06,17.0,17.0
16,CBERS4_AWFI_L4_SR,2019-05-07,24.5,11.5
16,CBERS4_AWFI_L4_SR,2019-05-08,11.0,22.5
14,CBERS4_AWFI_L4_SR,2019-05-09,18.0,17.0
17,CBERS4_AWFI_L4_SR,2019-05-10,27.0,17.0
12,CBERS4_AWFI_L4_SR,2019-05-11,10.5,17.0
15,CBERS4_AWFI_L4_SR,2019-05-12,19.0,17.0
15,CBERS4_AWFI_L4_SR,2019-05-13,28.0,17.0
15,CBERS4_AWFI_L4_SR,2019-05-14,11.5,17.0
10,CBERS4_AWFI_L4_SR,2019-05-15,-50.0,1.0
15,CBERS4_AWFI_L4_SR,2019-05-16,3.5,17.0
16,CBERS4_AWFI_L4_SR,2019-05-17,36.0,11.5
15,CBERS4_AWFI_L4_SR,2019-05-18,20.0,11.5
13,CBERS4_AWFI_L4_SR,2019-05-19,46.0,-20.5
16,CBERS4_AWFI_L4_SR,2019-05-20,38.5,17.0
16,CBERS4_AWFI_L4_SR,2019-05-21,22.0,17.0
14,CBERS4_AWFI_L4_SR,2019-05-22,48.5,-15.0
15,CBERS4_AWFI_L4_SR,2019-05-23,39.5,17.0
18,CBERS4_AWFI_L4_SR,2019-05-24,23.0,17.0
16,CBERS4_AWFI_L4_SR,2019-05-25,31.5,17.0
14,CBERS4_AWFI_L4_SR,2019-05-26,39.0,11.5
15,CBERS4_AWFI_L4_SR,2019-05-27,21.5,6.5
18,CBERS4_AWFI_L4_SR,2019-05-28,32.5,17.0
12,CBERS4_AWFI_L4_SR,2019-05-29,37.5,1.0
15,CBERS4_AWFI_L4_SR,2019-05-30,23.5,11.5
19,CBERS4_AWFI_L4_SR,2019-05-31,33.5,17.0
15,CBERS4_AWFI_L4_SR,2019-06-01,42.5,17.0
17,CBERS4_AWFI_L4_SR,2019-06-02,26.0,17.0
19,CBERS4_AWFI_L4_SR,2019-06-03,34.5,17.0
12,CBERS4_AWFI_L4_SR,2019-06-04,40.5,6.5
16,CBERS4_AWFI_L4_SR,2019-06-05,25.5,11.5
19,CBERS4_AWFI_L4_SR,2019-06-06,35.5,17.0
14,CBERS4_AWFI_L4_SR,2019-06-07,43.0,11.5
16,CBERS4_AWFI_L4_SR,2019-06-08,28.0,17.0
19,CBERS4_AWFI_L4_SR,2019-06-09,36.5,17.0
14,CBERS4_AWFI_L4_SR,2019-06-10,44.0,11.5
16,CBERS4_AWFI_L4_SR,2019-06-11,28.5,17.0
17,CBERS4_AWFI_L4_SR,2019-06-12,37.5,17.0
14,CBERS4_AWFI_L4_SR,2019-06-13,45.0,11.5
19,CBERS4_AWFI_L4_SR,2019-06-14,29.5,17.0
14,CBERS4_AWFI_L4_SR,2019-06-15,37.0,11.5
16,CBERS4_AWFI_L4_SR,2019-06-16,20.5,11.5
19,CBERS4_AWFI_L4_SR,2019-06-17,30.5,17.0
14,CBERS4_AWFI_L4_SR,2019-06-18,39.5,17.0
14,CBERS4_AWFI_L4_SR,2019-06-19,23.0,17.0
17,CBERS4_AWFI_L4_SR,2019-06-20,31.5,17.0
14,CBERS4_AWFI_L4_SR,2019-06-21,39.0,11.5
14,CBERS4_AWFI_L4_SR,2019-06-22,22.5,11.5
18,CBERS4_AWFI_L4_SR,2019-06-23,32.5,17.0
14,CBERS4_AWFI_L4_SR,2019-06-24,41.5,17.0
17,CBERS4_AWFI_L4_SR,2019-06-25,25.0,17.0
19,CBERS4_AWFI_L4_SR,2019-06-26,33.5,17.0
13,CBERS4_AWFI_L4_SR,2019-06-27,41.0,11.5
16,CBERS4_AWFI_L4_SR,2019-06-28,24.5,11.5
13,CBERS4_AWFI_L4_SR,2019-06-29,-37.0,-4.5
8,CBERS4_AWFI_L4_SR,2019-06-30,-52.0,1.0
17,CBERS4_AWFI_L4_SR,2019-07-01,27.0,17.0
19,CBERS4_AWFI_L4_SR,2019-07-02,35.5,17.0
13,CBERS4_AWFI_L4_SR,2019-07-03,44.0,17.0
16,CBERS4_AWFI_L4_SR,2019-07-04,26.5,11.5
17,CBERS4_AWFI_L4_SR,2019-07-05,36.5,17.0
15,CBERS4_AWFI_L4_SR,2019-07-06,45.0,17.0
17,CBERS4_AWFI_L4_SR,2019-07-07,27.5,11.5
15,CBERS4_AWFI_L4_SR,2019-07-08,37.5,17.0
16,CBERS4_AWFI_L4_SR,2019-07-09,21.0,17.0
18,CBERS4_AWFI_L4_SR,2019-07-10,29.5,17.0
12,CBERS4_AWFI_L4_SR,2019-07-11,34.5,1.0
15,CBERS4_AWFI_L4_SR,2019-07-12,20.5,11.5
19,CBERS4_AWFI_L4_SR,2019-07-13,30.5,17.0
14,CBERS4_AWFI_L4_SR,2019-07-14,38.0,11.5
15,CBERS4_AWFI_L4_SR,2019-07-15,21.5,11.5
20,CBERS4_AWFI_L4_SR,2019-07-16,31.5,17.0
14,CBERS4_AWFI_L4_SR,2019-07-17,39.0,11.5
15,CBERS4_AWFI_L4_SR,2019-07-18,22.5,11.5
17,CBERS4_AWFI_L4_SR,2019-07-19,31.5,11.5
15,CBERS4_AWFI_L4_SR,2019-07-20,41.5,17.0
15,CBERS4_AWFI_L4_SR,2019-07-21,22.5,6.5
15,CBERS4_AWFI_L4_SR,2019-07-22,33.5,17.0
15,CBERS4_AWFI_L4_SR,2019-07-23,42.0,17.0
15,CBERS4_AWFI_L4_SR,2019-07-24,24.5,11.5
19,CBERS4_AWFI_L4_SR,2019-07-25,34.5,17.0
13,CBERS4_AWFI_L4_SR,2019-07-26,42.0,11.5
16,CBERS4_AWFI_L4_SR,2019-07-27,27.0,17.0
19,CBERS4_AWFI_L4_SR,2019-07-28,35.5,17.0
8,CBERS4_AWFI_L4_SR,2019-07-29,-51.0,1.0
10,CBERS4_AWFI_L4_SR,2019-07-30,-43.5,-4.5
19,CBERS4_AWFI_L4_SR,2019-07-31,36.5,17.0
14,CBERS4_AWFI_L4_SR,2019-08-01,44.0,11.5
17,CBERS4_AWFI_L4_SR,2019-08-02,28.5,17.0
17,CBERS4_AWFI_L4_SR,2019-08-03,37.5,17.0
16,CBERS4_AWFI_L4_SR,2019-08-04,19.5,11.5
18,CBERS4_AWFI_L4_SR,2019-08-05,29.5,17.0
14,CBERS4_AWFI_L4_SR,2019-08-06,38.5,17.0
16,CBERS4_AWFI_L4_SR,2019-08-07,20.5,11.5
19,CBERS4_AWFI_L4_SR,2019-08-08,30.5,17.0
15,CBERS4_AWFI_L4_SR,2019-08-09,39.5,17.0
16,CBERS4_AWFI_L4_SR,2019-08-10,21.5,11.5
18,CBERS4_AWFI_L4_SR,2019-08-11,30.5,11.5
14,CBERS4_AWFI_L4_SR,2019-08-12,39.0,11.5
1,CBERS4_AWFI_L4_DN,2019-08-13,24.0,17.0
17,CBERS4_AWFI_L4_SR,2019-08-13,22.5,11.5
13,CBERS4_AWFI_L4_SR,2019-08-14,-39.0,-4.5
15,CBERS4_AWFI_L4_SR,2019-08-15,41.5,17.0
14,CBERS4_AWFI_L4_SR,2019-08-16,23.5,11.5
17,CBERS4_AWFI_L4_SR,2019-08-17,10.0,22.5
9,CBERS4_AWFI_L4_SR,2019-08-18,-52.0,6.5
15,CBERS4_AWFI_L4_SR,2019-08-19,26.0,17.0
16,CBERS4_AWFI_L4_SR,2019-08-20,9.5,17.0
14,CBERS4_AWFI_L4_SR,2019-08-21,18.0,17.0
17,CBERS4_AWFI_L4_SR,2019-08-22,27.0,17.0
16,CBERS4_AWFI_L4_SR,2019-08-23,10.5,17.0
15,CBERS4_AWFI_L4_SR,2019-08-24,19.0,17.0
17,CBERS4_AWFI_L4_SR,2019-08-25,28.0,17.0
16,CBERS4_AWFI_L4_SR,2019-08-26,12.5,22.5
14,CBERS4_AWFI_L4_SR,2019-08-27,20.0,17.0
17,CBERS4_AWFI_L4_SR,2019-08-28,29.0,17.0
15,CBERS4_AWFI_L4_SR,2019-08-29,12.5,17.0
17,CBERS4_AWFI_L4_SR,2019-08-30,21.0,17.0
16,CBERS4_AWFI_L4_SR,2019-08-31,6.0,22.5
15,CBERS4_AWFI_L4_SR,2019-09-01,37.0,11.5
15,CBERS4_AWFI_L4_SR,2019-09-02,46.0,11.5
17,CBERS4_AWFI_L4_SR,2019-09-03,29.5,11.5
15,CBERS4_AWFI_L4_SR,2019-09-04,39.5,17.0
17,CBERS4_AWFI_L4_SR,2019-09-05,47.0,11.5
17,CBERS4_AWFI_L4_SR,2019-09-06,30.5,11.5
14,CBERS4_AWFI_L4_SR,2019-09-07,39.0,11.5
8,CBERS4_AWFI_L4_SR,2019-09-08,48.0,11.5
19,CBERS4_AWFI_L4_SR,2019-09-09,32.5,17.0
15,CBERS4_AWFI_L4_SR,2019-09-10,40.0,11.5
10,CBERS4_AWFI_L4_SR,2019-09-11,47.5,6.5
19,CBERS4_AWFI_L4_SR,2019-09-12,33.5,17.0
15,CBERS4_AWFI_L4_SR,2019-09-13,41.0,11.5
13,CBERS4_AWFI_L4_SR,2019-09-14,48.5,6.5
19,CBERS4_AWFI_L4_SR,2019-09-15,34.5,17.0
14,CBERS4_AWFI_L4_SR,2019-09-16,42.0,11.5
12,CBERS4_AWFI_L4_SR,2019-09-17,44.5,-15.0
19,CBERS4_AWFI_L4_SR,2019-09-18,35.5,17.0
16,CBERS4_AWFI_L4_SR,2019-09-19,43.0,11.5
13,CBERS4_AWFI_L4_SR,2019-09-20,51.5,11.5
15,CBERS4_AWFI_L4_SR,2019-09-21,36.5,17.0
4,CBERS4_AWFI_L4_DN,2019-09-22,41.5,1.0
10,CBERS4_AWFI_L4_SR,2019-09-22,44.0,11.5
14,CBERS4_AWFI_L4_SR,2019-09-23,28.5,17.0
15,CBERS4_AWFI_L4_SR,2019-09-24,37.5,17.0
15,CBERS4_AWFI_L4_SR,2019-09-25,45.0,11.5
19,CBERS4_AWFI_L4_SR,2019-09-26,29.5,17.0
12,CBERS4_AWFI_L4_SR,2019-09-27,13.5,17.0
16,CBERS4_AWFI_L4_SR,2019-09-28,22.0,17.0
17,CBERS4_AWFI_L4_SR,2019-09-29,7.0,22.5
12,CBERS4_AWFI_L4_SR,2019-09-30,14.0,17.0
15,CBERS4_AWFI_L4_SR,2019-10-01,21.5,11.5
13,CBERS4_AWFI_L4_SR,2019-10-02,-40.0,-4.5
11,CBERS4_AWFI_L4_SR,2019-10-03,15.0,17.0
17,CBERS4_AWFI_L4_SR,2019-10-04,24.0,17.0
13,CBERS4_AWFI_L4_SR,2019-10-05,-39.0,-4.5
14,CBERS4_AWFI_L4_SR,2019-10-06,17.5,22.5
17,CBERS4_AWFI_L4_SR,2019-10-07,25.0,17.0
9,CBERS4_AWFI_L4_SR,2019-10-08,-60.5,6.5
9,CBERS4_AWFI_L4_DN,2019-10-09,-52.0,6.5
6,CBERS4_AWFI_L4_SR,2019-10-10,22.0,1.0
17,CBERS4_AWFI_L4_SR,2019-10-11,11.0,22.5
11,CBERS4_AWFI_L4_SR,2019-10-12,18.0,17.0
10,CBERS4_AWFI_L4_SR,2019-10-13,-46.0,-9.5
13,CBERS4_AWFI_L4_SR,2019-10-14,-36.0,-4.5
6,CBERS4_AWFI_L4_SR,2019-10-15,15.5,1.0
14,CBERS4_AWFI_L4_SR,2019-10-16,24.0,1.0
17,CBERS4_AWFI_L4_SR,2019-10-17,12.5,22.5
15,CBERS4_AWFI_L4_SR,2019-10-18,20.0,17.0
16,CBERS4_AWFI_L4_SR,2019-10-19,33.0,33.0
11,CBERS4_AWFI_L4_DN,2019-10-20,-34.0,-4.5
16,CBERS4_AWFI_L4_SR,2019-10-20,13.5,22.5
5,CBERS4_AWFI_L4_DN,2019-10-21,21.0,17.0
13,CBERS4_AWFI_L4_SR,2019-10-21,21.0,17.0
16,CBERS4_AWFI_L4_SR,2019-10-22,6.0,22.5
13,CBERS4_AWFI_L4_SR,2019-10-23,37.0,11.5
14,CBERS4_AWFI_L4_SR,2019-10-24,46.0,11.5
18,CBERS4_AWFI_L4_SR,2019-10-25,29.5,11.5
15,CBERS4_AWFI_L4_SR,2019-10-26,38.0,11.5
5,CBERS4_AWFI_L4_SR,2019-10-27,47.0,11.5
10,CBERS4_AWFI_L4_DN,2019-10-28,-40.0,-4.5
3,CBERS4_AWFI_L4_SR,2019-10-28,-43.5,-20.5
15,CBERS4_AWFI_L4_SR,2019-10-29,40.5,17.0
12,CBERS4_AWFI_L4_SR,2019-10-30,46.5,6.5
18,CBERS4_AWFI_L4_SR,2019-10-31,31.5,11.5
9,CBERS4_AWFI_L4_SR,2019-11-01,39.0,6.5
1,CBERS4_AWFI_L4_DN,2019-11-02,-49.0,-15.0
12,CBERS4_AWFI_L4_SR,2019-11-02,48.5,11.5
19,CBERS4_AWFI_L4_DN,2019-11-03,33.5,17.0
6,CBERS4_AWFI_L4_DN,2019-11-04,41.0,11.5
8,CBERS4_AWFI_L4_SR,2019-11-04,-53.0,1.0
13,CBERS4_AWFI_L4_DN,2019-11-05,48.5,6.5
13,CBERS4_AWFI_L4_SR,2019-11-05,48.5,6.5
18,CBERS4_AWFI_L4_SR,2019-11-06,34.5,17.0
8,CBERS4_AWFI_L4_DN,2019-11-07,-52.0,1.0
1,CBERS4_AWFI_L4_SR,2019-11-07,-60.0,-31.0
13,CBERS4_AWFI_L4_DN,2019-11-08,50.5,11.5
1,CBERS4_AWFI_L4_SR,2019-11-08,-67.5,6.5
16,CBERS4_AWFI_L4_DN,2019-11-09,35.5,17.0
1,CBERS4_AWFI_L4_SR,2019-11-09,-64.5,-20.5
9,CBERS4_AWFI_L4_SR,2019-11-10,-51.0,1.0
8,CBERS4_AWFI_L4_SR,2019-11-11,-43.5,-4.5
15,CBERS4_AWFI_L4_SR,2019-11-12,36.5,17.0
14,CBERS4_AWFI_L4_DN,2019-11-13,44.0,11.5
14,CBERS4_AWFI_L4_SR,2019-11-13,44.0,11.5
5,CBERS4_AWFI_L4_DN,2019-11-14,27.5,11.5
11,CBERS4_AWFI_L4_SR,2019-11-14,-42.5,-4.5
6,CBERS4_AWFI_L4_DN,2019-11-15,36.0,11.5
9,CBERS4_AWFI_L4_SR,2019-11-15,-35.0,-9.5
15,CBERS4_AWFI_L4_SR,2019-11-16,21.0,17.0
13,CBERS4_AWFI_L4_SR,2019-11-17,-42.0,-4.5
14,CBERS4_AWFI_L4_SR,2019-11-18,38.5,17.0
11,CBERS4_AWFI_L4_SR,2019-11-19,-48.0,1.0
17,CBERS4_AWFI_L4_SR,2019-11-20,30.5,17.0
13,CBERS4_AWFI_L4_SR,2019-11-21,38.0,11.5
16,CBERS4_AWFI_L4_SR,2019-11-22,23.0,17.0
18,CBERS4_AWFI_L4_SR,2019-11-23,31.5,17.0
14,CBERS4_AWFI_L4_SR,2019-11-24,39.0,11.5
16,CBERS4_AWFI_L4_SR,2019-11-25,24.0,17.0
16,CBERS4_AWFI_L4_SR,2019-11-26,32.5,17.0
15,CBERS4_AWFI_L4_SR,2019-11-27,41.5,17.0
17,CBERS4_AWFI_L4_SR,2019-11-28,25.0,17.0
18,CBERS4_AWFI_L4_SR,2019-11-29,33.5,17.0
13,CBERS4_AWFI_L4_SR,2019-11-30,41.0,11.5
17,CBERS4_AWFI_L4_DN,2019-12-01,34.5,17.0
16,CBERS4_AWFI_L4_SR,2019-12-01,24.5,11.5
1,CBERS4_MUX_L4_DN,2019-12-01,-70.0,-1.0
30,CBERS4_MUX_L4_SR,2019-12-01,35.0,19.0
40,CBERS4_PAN10M_L4_DN,2019-12-01,-45.5,-1.5
15,CBERS4_AWFI_L4_DN,2019-12-02,42.0,11.5
16,CBERS4_AWFI_L4_SR,2019-12-02,34.5,17.0
2,CBERS4_MUX_L4_DN,2019-12-02,-60.5,3.5
44,CBERS4_MUX_L4_SR,2019-12-02,43.0,17.0
48,CBERS4_PAN10M_L4_DN,2019-12-02,-37.5,-5.5
8,CBERS4_AWFI_L4_DN,2019-12-03,-52.0,1.0
18,CBERS4_AWFI_L4_SR,2019-12-03,42.0,11.5
16,CBERS4_MUX_L2_DN,2019-12-03,26.5,16.0
12,CBERS4_MUX_L4_DN,2019-12-03,26.5,15.0
13,CBERS4_MUX_L4_SR,2019-12-03,-55.0,-12.5
33,CBERS4_PAN10M_L4_DN,2019-12-03,-52.0,3.5
16,CBERS4_AWFI_L4_DN,2019-12-04,27.0,17.0
15,CBERS4_AWFI_L4_SR,2019-12-04,34.0,11.5
48,CBERS4_MUX_L2_DN,2019-12-04,32.5,3.5
20,CBERS4_MUX_L4_DN,2019-12-04,36.0,19.0
36,CBERS4_PAN10M_L4_DN,2019-12-04,-44.5,-2.5
18,CBERS4_AWFI_L4_DN,2019-12-05,35.5,17.0
20,CBERS4_AWFI_L4_SR,2019-12-05,44.0,17.0
57,CBERS4_MUX_L2_DN,2019-12-05,41.0,3.5
43,CBERS4_MUX_L4_DN,2019-12-05,44.0,16.0
48,CBERS4_PAN10M_L4_DN,2019-12-05,-36.5,-5.5
12,CBERS4_AWFI_L4_DN,2019-12-06,44.0,17.0
10,CBERS4_AWFI_L4_SR,2019-12-06,27.5,17.0
36,CBERS4_MUX_L2_DN,2019-12-06,24.0,1.0
41,CBERS4_MUX_L4_DN,2019-12-06,27.5,15.0
45,CBERS4_PAN10M_L4_DN,2019-12-06,-51.0,2.5
15,CBERS4_AWFI_L4_DN,2019-12-07,27.5,17.0
17,CBERS4_AWFI_L4_SR,2019-12-07,36.5,17.0
57,CBERS4_MUX_L2_DN,2019-12-07,34.0,7.0
35,CBERS4_MUX_L4_DN,2019-12-07,37.0,19.0
44,CBERS4_PAN10M_L4_DN,2019-12-07,-43.5,-2.5
17,CBERS4_AWFI_L4_DN,2019-12-08,36.5,17.0
16,CBERS4_AWFI_L4_SR,2019-12-08,44.0,11.5
65,CBERS4_MUX_L2_DN,2019-12-08,44.0,13.5
24,CBERS4_MUX_L4_DN,2019-12-08,45.0,16.0
29,CBERS4_PAN10M_L4_DN,2019-12-08,-35.5,-5.5
16,CBERS4_AWFI_L4_DN,2019-12-09,45.0,17.0
11,CBERS4_AWFI_L4_SR,2019-12-09,45.0,17.0
47,CBERS4_MUX_L2_DN,2019-12-09,25.0,1.0
41,CBERS4_MUX_L4_DN,2019-12-09,29.0,19.0
32,CBERS4_PAN10M_L4_DN,2019-12-09,-50.5,2.0
13,CBERS4_AWFI_L4_DN,2019-12-10,27.5,11.5
19,CBERS4_AWFI_L4_SR,2019-12-10,37.5,17.0
61,CBERS4_MUX_L2_DN,2019-12-10,38.0,19.0
29,CBERS4_MUX_L4_DN,2019-12-10,37.5,17.0
33,CBERS4_PAN10M_L4_DN,2019-12-10,-40.0,-16.0
17,CBERS4_AWFI_L4_DN,2019-12-11,37.5,17.0
16,CBERS4_AWFI_L4_SR,2019-12-11,46.0,17.0
49,CBERS4_MUX_L2_DN,2019-12-11,43.0,4.5
25,CBERS4_MUX_L4_DN,2019-12-11,43.0,3.5
32,CBERS4_PAN10M_L4_DN,2019-12-11,-35.0,-7.0
16,CBERS4_AWFI_L4_DN,2019-12-12,46.0,17.0
16,CBERS4_AWFI_L4_SR,2019-12-12,29.5,17.0
55,CBERS4_MUX_L2_DN,2019-12-12,27.5,7.0
32,CBERS4_MUX_L4_DN,2019-12-12,29.5,16.0
37,CBERS4_PAN10M_L4_DN,2019-12-12,-49.5,0.0
17,CBERS4_AWFI_L4_DN,2019-12-13,29.5,17.0
18,CBERS4_AWFI_L4_SR,2019-12-13,38.5,17.0
46,CBERS4_MUX_L2_DN,2019-12-13,38.5,18.0
40,CBERS4_MUX_L4_DN,2019-12-13,38.0,16.0
36,CBERS4_PAN10M_L4_DN,2019-12-13,-41.5,-3.5
21,CBERS4_AWFI_L4_DN,2019-12-14,38.5,17.0
15,CBERS4_AWFI_L4_SR,2019-12-14,20.5,11.5
68,CBERS4_MUX_L2_DN,2019-12-14,-33.5,-6.5
13,CBERS4_MUX_L4_DN,2019-12-14,-58.0,-3.5
15,CBERS4_PAN10M_L4_DN,2019-12-14,-56.5,1.0
11,CBERS4_AWFI_L4_DN,2019-12-15,-48.5,1.0
17,CBERS4_AWFI_L4_SR,2019-12-15,30.5,17.0
57,CBERS4_MUX_L2_DN,2019-12-15,27.5,3.5
37,CBERS4_MUX_L4_DN,2019-12-15,31.0,19.0
32,CBERS4_PAN10M_L4_DN,2019-12-15,-48.5,-1.0
19,CBERS4_AWFI_L4_DN,2019-12-16,30.5,17.0
18,CBERS4_AWFI_L4_SR,2019-12-16,38.0,11.5
41,CBERS4_MUX_L2_DN,2019-12-16,39.5,18.0
51,CBERS4_MUX_L4_DN,2019-12-16,39.0,15.0
40,CBERS4_PAN10M_L4_DN,2019-12-16,-40.5,-3.5
14,CBERS4_AWFI_L4_DN,2019-12-17,38.0,11.5
9,CBERS4_AWFI_L4_SR,2019-12-17,-55.0,6.5
92,CBERS4_MUX_L2_DN,2019-12-17,-33.0,-8.0
16,CBERS4_MUX_L4_DN,2019-12-17,-61.5,-23.5
26,CBERS4_PAN10M_L4_DN,2019-12-17,-56.0,1.0
11,CBERS4_AWFI_L4_DN,2019-12-18,-48.5,-4.5
13,CBERS4_AWFI_L4_SR,2019-12-18,28.0,1.0
45,CBERS4_MUX_L2_DN,2019-12-18,29.0,6.5
49,CBERS4_MUX_L4_DN,2019-12-18,32.0,19.0
37,CBERS4_PAN10M_L4_DN,2019-12-18,-47.5,-1.0
19,CBERS4_AWFI_L4_DN,2019-12-19,31.5,17.0
21,CBERS4_AWFI_L4_SR,2019-12-19,39.0,11.5
46,CBERS4_MUX_L2_DN,2019-12-19,40.5,18.0
57,CBERS4_MUX_L4_DN,2019-12-19,40.0,15.0
57,CBERS4_PAN10M_L4_DN,2019-12-19,-39.5,-3.5
14,CBERS4_AWFI_L4_DN,2019-12-20,39.0,11.5
15,CBERS4_AWFI_L4_SR,2019-12-20,34.0,-9.5
72,CBERS4_MUX_L2_DN,2019-12-20,20.5,2.0
31,CBERS4_MUX_L4_DN,2019-12-20,23.0,14.5
29,CBERS4_PAN10M_L4_DN,2019-12-20,-54.5,2.0
16,CBERS4_AWFI_L4_DN,2019-12-21,24.0,17.0
11,CBERS4_AWFI_L4_SR,2019-12-21,-47.5,-4.5
38,CBERS4_MUX_L2_DN,2019-12-21,30.0,6.5
33,CBERS4_MUX_L4_DN,2019-12-21,33.0,19.0
28,CBERS4_PAN10M_L4_DN,2019-12-21,-46.5,-1.0
12,CBERS4_AWFI_L4_DN,2019-12-22,-39.0,-4.5
17,CBERS4_AWFI_L4_SR,2019-12-22,40.0,11.5
51,CBERS4_MUX_L2_DN,2019-12-22,40.0,11.5
45,CBERS4_MUX_L4_DN,2019-12-22,39.5,10.0
49,CBERS4_PAN10M_L4_DN,2019-12-22,-38.5,-4.5
14,CBERS4_AWFI_L4_DN,2019-12-23,40.0,11.5
14,CBERS4_AWFI_L4_SR,2019-12-23,23.5,11.5
50,CBERS4_MUX_L2_DN,2019-12-23,19.5,-6.5
45,CBERS4_MUX_L4_DN,2019-12-23,24.0,14.5
39,CBERS4_PAN10M_L4_DN,2019-12-23,-53.5,2.0
16,CBERS4_AWFI_L4_DN,2019-12-24,23.5,11.5
15,CBERS4_AWFI_L4_SR,2019-12-24,31.0,6.5
46,CBERS4_MUX_L2_DN,2019-12-24,31.0,5.5
47,CBERS4_MUX_L4_DN,2019-12-24,34.0,19.0
42,CBERS4_PAN10M_L4_DN,2019-12-24,-45.5,-1.5
18,CBERS4_AWFI_L4_DN,2019-12-25,33.5,17.0
17,CBERS4_AWFI_L4_SR,2019-12-25,38.5,1.0
53,CBERS4_MUX_L2_DN,2019-12-25,42.0,16.0
48,CBERS4_MUX_L4_DN,2019-12-25,42.0,17.0
46,CBERS4_PAN10M_L4_DN,2019-12-25,-37.5,-4.5
11,CBERS4_AWFI_L4_DN,2019-12-26,38.5,1.0
8,CBERS4_AWFI_L4_SR,2019-12-26,-53.0,1.0
41,CBERS4_MUX_L2_DN,2019-12-26,-32.5,-19.5
22,CBERS4_MUX_L4_DN,2019-12-26,-52.5,4.5
32,CBERS4_PAN10M_L4_DN,2019-12-26,-52.5,2.0
26,CBERS4A_MUX_L2_DN,2019-12-27,-50.5,5.5
23,CBERS4A_MUX_L4_DN,2019-12-27,-54.5,-15.0
1,CBERS4A_WFI_L2_DN,2019-12-27,-50.5,4.0
6,CBERS4A_WFI_L4_DN,2019-12-27,-52.0,-2.5
258,CBERS4A_WPM_L2_DN,2019-12-27,-50.5,5.5
17,CBERS4_AWFI_L4_DN,2019-12-27,34.5,17.0
16,CBERS4_AWFI_L4_SR,2019-12-27,34.5,17.0
31,CBERS4_MUX_L2_DN,2019-12-27,-45.0,-1.0
40,CBERS4_MUX_L4_DN,2019-12-27,35.0,19.0
49,CBERS4_PAN10M_L4_DN,2019-12-27,-45.0,-1.5
13,CBERS4_AWFI_L4_DN,2019-12-28,-37.0,-4.5
19,CBERS4_AWFI_L4_SR,2019-12-28,43.0,17.0
44,CBERS4_MUX_L2_DN,2019-12-28,39.5,0.0
48,CBERS4_MUX_L4_DN,2019-12-28,42.5,13.5
57,CBERS4_PAN10M_L4_DN,2019-12-28,-37.0,-5.5
35,CBERS4A_MUX_L2_DN,2019-12-29,-60.0,4.0
3,CBERS4A_MUX_L4_DN,2019-12-29,-64.5,-16.5
15,CBERS4_AWFI_L4_DN,2019-12-29,43.0,17.0
12,CBERS4_AWFI_L4_SR,2019-12-29,27.0,17.0
39,CBERS4_MUX_L2_DN,2019-12-29,25.0,10.0
32,CBERS4_MUX_L4_DN,2019-12-29,25.0,9.0
27,CBERS4_PAN10M_L4_DN,2019-12-29,-51.5,3.5
59,CBERS4A_MUX_L2_DN,2019-12-30,-41.5,-1.0
13,CBERS4A_MUX_L4_DN,2019-12-30,-44.0,-13.5
4,CBERS4A_WFI_L2_DN,2019-12-30,-41.5,-2.5
6,CBERS4A_WFI_L4_DN,2019-12-30,-44.5,-15.0
369,CBERS4A_WPM_L2_DN,2019-12-30,-41.5,0.0
15,CBERS4_AWFI_L4_DN,2019-12-30,27.0,17.0
17,CBERS4_AWFI_L4_SR,2019-12-30,35.5,17.0
43,CBERS4_MUX_L2_DN,2019-12-30,31.0,-2.5
50,CBERS4_MUX_L4_DN,2019-12-30,36.0,19.0
46,CBERS4_PAN10M_L4_DN,2019-12-30,-44.0,-3.5
33,CBERS4A_MUX_L2_DN,2019-12-31,-45.5,2.5
16,CBERS4A_MUX_L4_DN,2019-12-31,-50.0,-19.0
3,CBERS4A_WFI_L2_DN,2019-12-31,-45.0,4.0
4,CBERS4A_WFI_L4_DN,2019-12-31,-48.0,-8.5
253,CBERS4A_WPM_L2_DN,2019-12-31,-45.5,3.0
19,CBERS4_AWFI_L4_DN,2019-12-31,35.5,17.0
19,CBERS4_AWFI_L4_SR,2019-12-31,43.0,11.5
62,CBERS4_MUX_L2_DN,2019-12-31,40.5,0.0
39,CBERS4_MUX_L4_DN,2019-12-31,44.0,16.0
24,CBERS4_PAN10M_L4_DN,2019-12-31,-36.0,-5.5
39,CBERS4A_MUX_L2_DN,2020-01-01,-50.0,4.0
10,CBERS4A_MUX_L4_DN,2020-01-01,-54.0,-15.0
4,CBERS4A_WFI_L2_DN,2020-01-01,-50.0,4.0
3,CBERS4A_WFI_L4_DN,2020-01-01,-51.0,-2.5
253,CBERS4A_WPM_L2_DN,2020-01-01,-50.0,4.0
5,CBERS4_AWFI_L4_DN,2020-01-01,43.0,11.5
8,CBERS4_AWFI_L4_SR,2020-01-01,-51.0,1.0
63,CBERS4A_MUX_L2_DN,2020-01-02,-34.0,-14.5
5,CBERS4A_MUX_L4_DN,2020-01-02,-58.5,-16.0
9,CBERS4A_WFI_L2_DN,2020-01-02,-34.0,-15.0
1,CBERS4A_WFI_L4_DN,2020-01-02,-56.0,-2.5
89,CBERS4A_WPM_L2_DN,2020-01-02,-34.0,-14.5
17,CBERS4_AWFI_L4_SR,2020-01-02,36.5,17.0
70,CBERS4A_MUX_L2_DN,2020-01-03,-37.0,-5.5
9,CBERS4A_MUX_L4_DN,2020-01-03,-64.0,-17.5
9,CBERS4A_WFI_L2_DN,2020-01-03,-39.0,-15.0
5,CBERS4A_WFI_L4_DN,2020-01-03,-37.5,-8.5
630,CBERS4A_WPM_L2_DN,2020-01-03,-37.0,-5.0
16,CBERS4_AWFI_L4_SR,2020-01-03,20.0,17.0
77,CBERS4A_MUX_L2_DN,2020-01-04,-40.5,-1.0
14,CBERS4A_MUX_L4_DN,2020-01-04,-67.5,-12.5
8,CBERS4A_WFI_L2_DN,2020-01-04,-41.0,-2.5
5,CBERS4A_WFI_L4_DN,2020-01-04,-64.0,4.0
455,CBERS4A_WPM_L2_DN,2020-01-04,-40.5,0.0
14,CBERS4_AWFI_L4_SR,2020-01-04,28.5,17.0
39,CBERS4A_MUX_L2_DN,2020-01-05,-44.5,2.5
6,CBERS4A_MUX_L4_DN,2020-01-05,-51.0,-27.0
4,CBERS4A_WFI_L2_DN,2020-01-05,-44.5,4.0
3,CBERS4A_WFI_L4_DN,2020-01-05,-50.0,-21.5
11,CBERS4_AWFI_L4_SR,2020-01-05,-42.5,-4.5
6,CBERS4A_MUX_L2_DN,2020-01-06,-75.5,-6.5
1,CBERS4A_WFI_L2_DN,2020-01-06,-77.5,-15.0
1,CBERS4A_WFI_L4_DN,2020-01-06,-76.0,-8.5
78,CBERS4A_WPM_L2_DN,2020-01-06,-75.5,-5.5
16,CBERS4_AWFI_L4_SR,2020-01-06,45.0,11.5
37,CBERS4A_MUX_L2_DN,2020-01-07,-53.5,5.0
15,CBERS4A_MUX_L4_DN,2020-01-07,-58.0,-16.5
4,CBERS4A_WFI_L2_DN,2020-01-07,-54.0,4.0
3,CBERS4A_WFI_L4_DN,2020-01-07,-56.5,-8.5
253,CBERS4A_WPM_L2_DN,2020-01-07,-53.5,5.5
17,CBERS4_AWFI_L4_SR,2020-01-07,29.5,17.0
29,CBERS4A_MUX_L2_DN,2020-01-08,-36.5,-7.0
3,CBERS4A_WFI_L2_DN,2020-01-08,-39.5,-21.5
2,CBERS4A_WFI_L4_DN,2020-01-08,-37.0,-8.5
102,CBERS4A_WPM_L2_DN,2020-01-08,-36.5,-7.0
1,CBERS4_AWFI_L4_DN,2020-01-08,-69.5,-15.0
17,CBERS4_AWFI_L4_SR,2020-01-08,38.5,17.0
60,CBERS4A_MUX_L2_DN,2020-01-09,-40.0,-2.5
26,CBERS4A_MUX_L4_DN,2020-01-09,-42.5,-12.5
6,CBERS4A_WFI_L2_DN,2020-01-09,-40.0,-2.5
7,CBERS4A_WFI_L4_DN,2020-01-09,-44.5,-21.5
361,CBERS4A_WPM_L2_DN,2020-01-09,-40.0,-1.5
15,CBERS4_AWFI_L4_SR,2020-01-09,22.0,17.0
38,CBERS4A_MUX_L2_DN,2020-01-10,-44.0,2.5
8,CBERS4A_MUX_L4_DN,2020-01-10,-47.5,-16.0
3,CBERS4A_WFI_L2_DN,2020-01-10,-43.5,4.0
4,CBERS4A_WFI_L4_DN,2020-01-10,-47.5,-15.0
252,CBERS4A_WPM_L2_DN,2020-01-10,-43.5,3.0
16,CBERS4_AWFI_L4_SR,2020-01-10,30.5,17.0
18,CBERS4_AWFI_L4_SR,2020-01-11,38.0,11.5
14,CBERS4_AWFI_L4_SR,2020-01-12,23.0,17.0
17,CBERS4_AWFI_L4_SR,2020-01-13,31.5,17.0
19,CBERS4_AWFI_L4_SR,2020-01-14,39.0,11.5
15,CBERS4_AWFI_L4_SR,2020-01-15,24.0,17.0
17,CBERS4_AWFI_L4_SR,2020-01-16,32.5,17.0
18,CBERS4_AWFI_L4_SR,2020-01-17,41.5,17.0
14,CBERS4_AWFI_L4_SR,2020-01-18,25.0,17.0
15,CBERS4_AWFI_L4_SR,2020-01-19,33.5,17.0
13,CBERS4_AWFI_L4_SR,2020-01-20,-38.0,-4.5
13,CBERS4_AWFI_L4_SR,2020-01-21,24.5,11.5
16,CBERS4_AWFI_L4_SR,2020-01-22,34.5,17.0
1,CBERS4_AWFI_L4_DN,2020-01-23,38.5,-4.5
15,CBERS4_AWFI_L4_SR,2020-01-23,40.5,6.5
4,CBERS4_AWFI_L4_DN,2020-01-24,-52.0,1.0
14,CBERS4_AWFI_L4_SR,2020-01-24,27.0,17.0
16,CBERS4_AWFI_L4_SR,2020-01-25,34.0,11.5
14,CBERS4_AWFI_L4_SR,2020-01-26,43.0,11.5
12,CBERS4_AWFI_L4_SR,2020-01-27,26.5,11.5
17,CBERS4_AWFI_L4_SR,2020-01-28,36.5,17.0
17,CBERS4_AWFI_L4_SR,2020-01-29,44.0,11.5
15,CBERS4_AWFI_L4_SR,2020-01-30,29.0,17.0
17,CBERS4_AWFI_L4_SR,2020-01-31,36.0,11.5
7,CBERS4_AWFI_L4_DN,2020-02-01,-56.5,6.5
7,CBERS4_AWFI_L4_SR,2020-02-01,19.5,11.5
12,CBERS4_AWFI_L4_SR,2020-02-02,47.5,-15.0
5,CBERS4_AWFI_L4_DN,2020-02-03,37.0,11.5
10,CBERS4_AWFI_L4_SR,2020-02-03,-43.0,-9.5
10,CBERS4_AWFI_L4_DN,2020-02-04,-34.5,-9.5
15,CBERS4_AWFI_L4_DN,2020-02-05,30.5,17.0
18,CBERS4_AWFI_L4_DN,2020-02-06,39.5,17.0
9,CBERS4_AWFI_L4_DN,2020-02-07,-55.0,6.5
5,CBERS4_AWFI_L4_SR,2020-02-08,30.5,11.5
19,CBERS4_AWFI_L4_SR,2020-02-09,40.5,17.0
14,CBERS4_AWFI_L4_SR,2020-02-10,24.0,17.0
22,CBERS4_AWFI_L4_SR,2020-02-11,32.5,17.0
9,CBERS4_AWFI_L4_SR,2020-02-13,-53.0,6.5
15,CBERS4A_MUX_L2_DN,2020-02-14,-53.5,-55.0
3,CBERS4A_WFI_L2_DN,2020-02-14,-52.5,-52.5
76,CBERS4A_WPM_L2_DN,2020-02-14,-53.5,-54.5
15,CBERS4_AWFI_L4_SR,2020-02-14,30.0,1.0
120,CBERS4A_WPM_L2_DN,2020-02-15,-67.5,68.0
13,CBERS4_AWFI_L4_SR,2020-02-15,-38.0,-4.5
24,CBERS4A_MUX_L2_DN,2020-02-16,-67.5,68.0
4,CBERS4A_WFI_L2_DN,2020-02-16,-69.0,66.0
8,CBERS4_AWFI_L4_SR,2020-02-16,-53.0,1.0
15,CBERS4_AWFI_L4_SR,2020-02-17,31.0,1.0
19,CBERS4_AWFI_L4_SR,2020-02-18,42.0,11.5
35,CBERS4A_MUX_L2_DN,2020-02-19,-39.0,-3.0
4,CBERS4A_MUX_L4_DN,2020-02-19,-42.0,-19.0
2,CBERS4A_WFI_L2_DN,2020-02-19,-44.0,-27.5
4,CBERS4A_WFI_L4_DN,2020-02-19,-38.5,-2.5
206,CBERS4A_WPM_L2_DN,2020-02-19,-38.5,-2.5
15,CBERS4_AWFI_L4_SR,2020-02-19,25.5,11.5
17,CBERS4_AWFI_L4_SR,2020-02-20,35.5,17.0
4,CBERS4_AWFI_L4_DN,2020-02-21,44.0,17.0
15,CBERS4_AWFI_L4_SR,2020-02-21,40.5,1.0
15,CBERS4_AWFI_L4_SR,2020-02-22,28.0,17.0
61,CBERS4A_WPM_L2_DN,2020-02-23,22.0,23.0
3,CBERS4_AWFI_L4_DN,2020-02-23,-46.0,-15.0
14,CBERS4_AWFI_L4_SR,2020-02-23,36.5,17.0
13,CBERS4A_MUX_L2_DN,2020-02-24,22.0,23.0
2,CBERS4A_WFI_L2_DN,2020-02-24,22.5,23.0
12,CBERS4_AWFI_L4_SR,2020-02-24,-35.0,-4.5
1,CBERS4_AWFI_L4_DN,2020-02-25,-58.0,-31.0
13,CBERS4_AWFI_L4_SR,2020-02-25,28.5,17.0
18,CBERS4_AWFI_L4_SR,2020-02-26,37.5,17.0
16,CBERS4_AWFI_L4_SR,2020-02-27,46.0,17.0
11,CBERS4_AWFI_L4_DN,2020-02-28,-49.5,1.0
6,CBERS4_AWFI_L4_SR,2020-02-28,29.5,17.0
11,CBERS4_AWFI_L4_SR,2020-02-29,38.5,17.0
263,CBERS4A_WPM_L2_DN,2020-03-03,-49.5,5.5
